respondent_id,comment_text,hearing_date,ward,role,language,housing_tenure,school,validation_theme
SYN-0001,"Science lessons cannot include experiments when the classroom has no working equipment, and replacing broken laboratory supplies should be a budget priority.",2026-09-07,8,Student,Spanish,Renter,Community School B,classroom_resources
SYN-0002,"After attending multiple hearings, I am increasingly concerned. There have been repeated fights outside the school entrance, and supervised dismissal with trained adults could reduce the risk of injuries to students.",2026-09-12,7,Resident,English,Owner,Community School B,school_safety
SYN-0003,How many licensed psychologists will the district hire to reduce the waiting list for student mental health assessments and ongoing individual therapy?,2026-09-02,10,Parent,English,Renter,Community School A,mental_health
SYN-0004,"After school clubs are inaccessible to children whose only bus leaves immediately after lessons, so an additional late route would improve participation.",2026-09-07,10,Student,English,Renter,Community School B,transportation
SYN-0005,Please provide live captions and sign language interpretation during public meetings so deaf residents can follow the discussion and participate on equal terms.,2026-09-02,10,Parent,Polish,Renter,Community School D,accessibility
SYN-0006,"Questions submitted at the previous hearing have received no written response, and the district should identify who is responsible for answering them.",2026-09-07,7,Parent,English,Renter,Community School B,communication
SYN-0007,"After attending multiple hearings, I am increasingly concerned. Science lessons cannot include experiments when the classroom has no working equipment, and replacing broken laboratory supplies should be a budget priority.",2026-09-12,6,Parent,English,Other,Community School C,classroom_resources
SYN-0008,"The entrance gate is routinely left open during lessons, so visitors can walk onto school grounds without checking in with the security team.",2026-09-02,8,Student,English,Renter,Community School B,school_safety
SYN-0009,Please preserve confidential counseling appointments so that young people can discuss depression with a qualified clinician without feeling judged by their classmates.,2026-09-07,8,Parent,Spanish,Renter,Community School C,mental_health
SYN-0010,"Our school bus arrives late several mornings each week, leaving children at the stop and causing them to miss breakfast and their first lesson.",2026-09-02,10,Resident,English,Renter,Community School B,transportation
SYN-0011,"The online comment form cannot be completed with a keyboard, which excludes residents who use assistive technology instead of a computer mouse.",2026-09-02,10,Community organizer,English,Owner,Community School B,accessibility
SYN-0012,"After attending multiple hearings, I am increasingly concerned. I welcome the new public newsletter, but it should clearly distinguish confirmed decisions from proposals that are still open for community discussion.",2026-09-12,20,Parent,Spanish,Renter,Community School B,communication
SYN-0013,Students who need extra practice are losing after school tutoring hours while their teachers are already responsible for more children than they can support.,2026-09-12,10,Parent,English,Renter,Community School D,classroom_resources
SYN-0014,Families need a clear emergency evacuation procedure explaining where children will assemble and how school staff will contact parents after an incident.,2026-09-02,8,Student,English,Other,Community School C,school_safety
SYN-0015,How many licensed psychologists will the district hire to reduce the waiting list for student mental health assessments and ongoing individual therapy?,2026-09-12,6,Teacher,English,Renter,Community School C,mental_health
SYN-0016,Please provide an accessible school bus with working wheelchair restraints so children with mobility needs can travel safely with the other students.,2026-09-07,8,Teacher,English,Renter,Community School A,transportation
SYN-0017,Residents who speak languages other than English need qualified interpreters and translated hearing documents before they can respond to the proposed changes.,2026-09-07,6,Resident,Spanish,Renter,Community School B,accessibility
SYN-0018,Regular progress updates should explain what has changed since the last meeting and provide direct links to the supporting reports and budget documents.,2026-09-12,8,Parent,Spanish,Owner,Community School D,communication
SYN-0019,"After attending multiple hearings, I am increasingly concerned. Students who need extra practice are losing after school tutoring hours while their teachers are already responsible for more children than they can support.",2026-09-12,7,Parent,Spanish,Renter,Community School B,classroom_resources
SYN-0020,"Families need a clear emergency evacuation procedure explaining where children will assemble and how school staff will contact parents after an incident. I live at 120 Civic Way, Apt 21B.",2026-09-07,8,Resident,English,Owner,Community School C,school_safety
SYN-0021,"After attending multiple hearings, I am increasingly concerned. How many licensed psychologists will the district hire to reduce the waiting list for student mental health assessments and ongoing individual therapy?",2026-09-12,10,Resident,English,Renter,Community School A,mental_health
SYN-0022,"Our school bus arrives late several mornings each week, leaving children at the stop and causing them to miss breakfast and their first lesson.",2026-09-02,8,Parent,Spanish,Owner,Community School C,transportation
SYN-0023,People using screen readers need accessible documents with clear headings and meaningful link labels instead of scanned images of the hearing materials.,2026-09-12,6,Parent,English,Renter,Community School D,accessibility
SYN-0024,"After attending multiple hearings, I am increasingly concerned. The public summary says residents supported the proposal but does not explain which concerns were raised or how those comments changed the final decision.",2026-09-12,6,Resident,English,Renter,Community School D,communication
SYN-0025,The school library needs current books at several reading levels because the same worn classroom texts do not meet every student learning need.,2026-09-07,8,Parent,English,Renter,Community School C,classroom_resources
SYN-0026,"I support a safer visitor check in process, but security measures should not make children feel threatened when they enter their school each morning.",2026-09-12,5,Parent,English,Owner,Community School D,school_safety
SYN-0027,"I welcome the proposed counseling service, but students need a private room and a reliable appointment system before they will feel comfortable seeking help. Contact Morgan Reed at sample.person27@example.org or 312-555-1027.",2026-09-02,8,Parent,Polish,Renter,Community School B,mental_health
SYN-0028,The journey to school now takes more than an hour because the bus route crosses several neighborhoods before reaching its final destination.,2026-09-07,7,Community organizer,English,Renter,Community School C,transportation
SYN-0029,Will the district publish an accessibility contact and a simple way to request disability accommodations before each public hearing takes place?,2026-09-02,5,Teacher,Polish,Owner,Community School D,accessibility
SYN-0030,People who cannot attend an evening hearing need a recording and written minutes so they can understand the discussion and submit informed follow up comments.,2026-09-02,7,Teacher,English,Owner,Community School B,communication
SYN-0031,"Our classroom has thirty five children sharing twenty textbooks, so several pupils cannot take a reading book home to practice their lessons. I live at 131 Community Avenue, Apt 2A.",2026-09-12,5,Parent,English,Renter,Community School B,classroom_resources
SYN-0032,"I support a safer visitor check in process, but security measures should not make children feel threatened when they enter their school each morning.",2026-09-02,8,Parent,Mandarin,Renter,Community School B,school_safety
SYN-0033,"After attending multiple hearings, I am increasingly concerned. The budget should fund mental health counseling during school holidays because anxiety and emotional crises do not stop when the classroom closes.",2026-09-12,8,Parent,English,Renter,Community School A,mental_health
SYN-0034,"I support reviewing school bus routes, but parents need advance notice and safe replacement stops before any existing transportation service is removed.",2026-09-07,8,Parent,English,Renter,Community School A,transportation
SYN-0035,Please provide live captions and sign language interpretation during public meetings so deaf residents can follow the discussion and participate on equal terms.,2026-09-12,5,Parent,English,Renter,Community School A,accessibility
SYN-0036,Please publish meeting dates and decision deadlines in a single public calendar so residents do not have to search several different district websites.,2026-09-12,7,Parent,English,Renter,Community School B,communication
SYN-0037,"After attending multiple hearings, I am increasingly concerned. I support spending more of the education budget on textbooks and teaching staff rather than asking families to pay for essential classroom supplies. I live at 137 Public Square Road, Apt 8B.",2026-09-12,8,Parent,English,Renter,Community School A,classroom_resources
SYN-0038,Will the school publish the results of its building safety inspection and explain when broken locks and unsafe playground equipment will be repaired?,2026-09-07,8,Parent,English,Renter,Community School A,school_safety
SYN-0039,Please preserve confidential counseling appointments so that young people can discuss depression with a qualified clinician without feeling judged by their classmates.,2026-09-07,7,Parent,English,Renter,Community School A,mental_health
SYN-0040,"After school clubs are inaccessible to children whose only bus leaves immediately after lessons, so an additional late route would improve participation.",2026-09-12,10,Teacher,Spanish,Renter,Community School C,transportation
SYN-0041,"The online comment form cannot be completed with a keyboard, which excludes residents who use assistive technology instead of a computer mouse.",2026-09-02,8,Community organizer,English,Owner,Community School B,accessibility
SYN-0042,Regular progress updates should explain what has changed since the last meeting and provide direct links to the supporting reports and budget documents.,2026-09-07,10,Teacher,English,Renter,Community School A,communication
SYN-0043,"Our classroom has thirty five children sharing twenty textbooks, so several pupils cannot take a reading book home to practice their lessons.",2026-09-02,6,Parent,English,Renter,Community School B,classroom_resources
SYN-0044,"I support a safer visitor check in process, but security measures should not make children feel threatened when they enter their school each morning.",2026-09-02,20,Resident,English,Renter,Community School B,school_safety
SYN-0045,"I welcome the proposed counseling service, but students need a private room and a reliable appointment system before they will feel comfortable seeking help.",2026-09-12,8,Parent,English,Owner,Community School D,mental_health
SYN-0046,"Our school bus arrives late several mornings each week, leaving children at the stop and causing them to miss breakfast and their first lesson.",2026-09-12,8,Parent,English,Owner,Community School D,transportation
SYN-0047,People using screen readers need accessible documents with clear headings and meaningful link labels instead of scanned images of the hearing materials.,2026-09-02,10,Parent,Mandarin,Renter,Community School A,accessibility
SYN-0048,"I welcome the new public newsletter, but it should clearly distinguish confirmed decisions from proposals that are still open for community discussion.",2026-09-07,7,Parent,English,Other,Community School C,communication
SYN-0049,I support spending more of the education budget on textbooks and teaching staff rather than asking families to pay for essential classroom supplies.,2026-09-02,8,Resident,English,Owner,Community School A,classroom_resources
SYN-0050,"Broken lights near the school playground make the walking route unsafe after evening activities, and the district should repair them before winter.",2026-09-02,8,Student,English,Renter,Community School A,school_safety
SYN-0051,"After attending multiple hearings, I am increasingly concerned. I welcome the proposed counseling service, but students need a private room and a reliable appointment system before they will feel comfortable seeking help.",2026-09-12,7,Community organizer,English,Renter,Community School A,mental_health
SYN-0052,"Bus driver shortages have forced families to arrange expensive alternative transport, and the district should explain how it will recruit and retain drivers.",2026-09-07,10,Resident,Polish,Owner,Community School D,transportation
SYN-0053,People using screen readers need accessible documents with clear headings and meaningful link labels instead of scanned images of the hearing materials.,2026-09-02,8,Resident,English,Renter,Community School C,accessibility
SYN-0054,The public summary says residents supported the proposal but does not explain which concerns were raised or how those comments changed the final decision.,2026-09-07,6,Resident,English,Renter,Community School D,communication
SYN-0055,Teachers are buying pencils and exercise books with their own money because the classroom supply budget runs out before the winter term.,2026-09-07,10,Student,English,Renter,Community School C,classroom_resources
SYN-0056,Families need a clear emergency evacuation procedure explaining where children will assemble and how school staff will contact parents after an incident.,2026-09-02,6,Resident,English,Renter,Community School A,school_safety
SYN-0057,Teachers need training to recognize signs of emotional distress and refer students to mental health specialists instead of treating every crisis as misconduct.,2026-09-07,8,Parent,English,Owner,Community School D,mental_health
SYN-0058,Please provide an accessible school bus with working wheelchair restraints so children with mobility needs can travel safely with the other students.,2026-09-07,8,Parent,English,Owner,Community School D,transportation
SYN-0059,"The hearing room entrance has steps and no usable ramp, preventing wheelchair users from entering independently to give their public comments.",2026-09-07,7,Parent,English,Renter,Community School D,accessibility
SYN-0060,"Will the district publish a response log showing each recurring public question, the department handling it, and the date an answer is expected? I live at 160 Civic Way, Apt 1B.",2026-09-07,20,Resident,Polish,Renter,Community School A,communication
SYN-0061,"Science lessons cannot include experiments when the classroom has no working equipment, and replacing broken laboratory supplies should be a budget priority.",2026-09-02,20,Parent,English,Renter,Community School D,classroom_resources
SYN-0062,"I support a safer visitor check in process, but security measures should not make children feel threatened when they enter their school each morning.",2026-09-02,8,Parent,English,Renter,Community School B,school_safety
SYN-0063,"After attending multiple hearings, I am increasingly concerned. Our school needs a full time social worker who can support students dealing with grief and help families find appropriate mental health care. Contact Taylor Brooks at sample.person63@example.org or 312-555-1063.",2026-09-12,20,Parent,English,Renter,Community School D,mental_health
SYN-0064,Will the transportation department publish missed pickup records and on time arrival figures for every school bus route so families can track reliability? Contact Morgan Quinn at sample.person64@example.org or 312-555-1064.,2026-09-12,5,Resident,English,Renter,Community School D,transportation
SYN-0065,"Will the district publish an accessibility contact and a simple way to request disability accommodations before each public hearing takes place? I live at 165 Community Avenue, Apt 6C.",2026-09-12,8,Resident,English,Renter,Community School D,accessibility
SYN-0066,Please publish meeting dates and decision deadlines in a single public calendar so residents do not have to search several different district websites.,2026-09-07,5,Parent,English,Renter,Community School C,communication
SYN-0067,Please protect teaching positions and reduce oversized classes so that each child receives individual help with reading and mathematics during the school day.,2026-09-07,6,Parent,English,Renter,Community School A,classroom_resources
SYN-0068,"I support a safer visitor check in process, but security measures should not make children feel threatened when they enter their school each morning. I live at 168 Learning Street, Apt 9A.",2026-09-12,10,Parent,English,Renter,Community School A,school_safety
SYN-0069,"After attending multiple hearings, I am increasingly concerned. I welcome the proposed counseling service, but students need a private room and a reliable appointment system before they will feel comfortable seeking help.",2026-09-12,10,Parent,English,Renter,Community School D,mental_health
SYN-0070,"I support reviewing school bus routes, but parents need advance notice and safe replacement stops before any existing transportation service is removed.",2026-09-07,7,Community organizer,English,Renter,Community School B,transportation
SYN-0071,Will the district publish an accessibility contact and a simple way to request disability accommodations before each public hearing takes place?,2026-09-07,7,Parent,English,Owner,Community School D,accessibility
SYN-0072,"I welcome the new public newsletter, but it should clearly distinguish confirmed decisions from proposals that are still open for community discussion.",2026-09-07,10,Parent,English,Other,Community School B,communication
SYN-0073,The school library needs current books at several reading levels because the same worn classroom texts do not meet every student learning need.,2026-09-02,8,Parent,English,Owner,Community School B,classroom_resources
SYN-0074,"Broken lights near the school playground make the walking route unsafe after evening activities, and the district should repair them before winter.",2026-09-12,6,Teacher,English,Renter,Community School A,school_safety
SYN-0075,Teachers need training to recognize signs of emotional distress and refer students to mental health specialists instead of treating every crisis as misconduct.,2026-09-07,8,Community organizer,English,Renter,Community School B,mental_health
SYN-0076,Will the transportation department publish missed pickup records and on time arrival figures for every school bus route so families can track reliability?,2026-09-02,10,Parent,English,Renter,Community School C,transportation
SYN-0077,"After attending multiple hearings, I am increasingly concerned. I appreciate the new accessible entrance, but the hearing room also needs space for wheelchairs and a working sound system for people with hearing loss.",2026-09-12,8,Parent,English,Owner,Community School C,accessibility
SYN-0078,"Families received the hearing notice only one day before the meeting, leaving too little time to read the proposal and prepare meaningful questions.",2026-09-02,8,Teacher,English,Renter,Community School B,communication
SYN-0079,"After attending multiple hearings, I am increasingly concerned. I support spending more of the education budget on textbooks and teaching staff rather than asking families to pay for essential classroom supplies. I live at 179 Public Square Road, Apt 20B.",2026-09-12,10,Parent,English,Renter,Community School B,classroom_resources
SYN-0080,Families need a clear emergency evacuation procedure explaining where children will assemble and how school staff will contact parents after an incident.,2026-09-07,7,Parent,Spanish,Other,Community School D,school_safety
SYN-0081,"After attending multiple hearings, I am increasingly concerned. Teachers need training to recognize signs of emotional distress and refer students to mental health specialists instead of treating every crisis as misconduct.",2026-09-12,8,Resident,English,Renter,Community School C,mental_health
SYN-0082,"Our school bus arrives late several mornings each week, leaving children at the stop and causing them to miss breakfast and their first lesson. I live at 182 Learning Street, Apt 23B.",2026-09-12,8,Parent,English,Renter,Community School B,transportation
SYN-0083,The meeting recording needs accurate captions because automatic transcription repeatedly omits important details and makes it difficult for deaf families to review decisions.,2026-09-07,10,Student,English,Renter,Community School A,accessibility
SYN-0084,"I welcome the new public newsletter, but it should clearly distinguish confirmed decisions from proposals that are still open for community discussion.",2026-09-07,8,Parent,English,Renter,Community School D,communication
SYN-0085,Please protect teaching positions and reduce oversized classes so that each child receives individual help with reading and mathematics during the school day.,2026-09-12,8,Parent,English,Renter,Community School B,classroom_resources
SYN-0086,"The entrance gate is routinely left open during lessons, so visitors can walk onto school grounds without checking in with the security team.",2026-09-02,10,Parent,English,Owner,Community School C,school_safety
SYN-0087,Teachers need training to recognize signs of emotional distress and refer students to mental health specialists instead of treating every crisis as misconduct.,2026-09-07,6,Parent,English,Other,Community School C,mental_health
SYN-0088,The journey to school now takes more than an hour because the bus route crosses several neighborhoods before reaching its final destination.,2026-09-07,10,Parent,English,Renter,Community School B,transportation
SYN-0089,"I appreciate the new accessible entrance, but the hearing room also needs space for wheelchairs and a working sound system for people with hearing loss. Contact Riley Lane at sample.person89@example.org or 312-555-1089.",2026-09-02,10,Student,English,Renter,Community School A,accessibility
SYN-0090,Regular progress updates should explain what has changed since the last meeting and provide direct links to the supporting reports and budget documents.,2026-09-02,6,Teacher,English,Owner,Community School C,communication
SYN-0091,"Science lessons cannot include experiments when the classroom has no working equipment, and replacing broken laboratory supplies should be a budget priority.",2026-09-02,8,Resident,English,Renter,Community School B,classroom_resources
SYN-0092,"Broken lights near the school playground make the walking route unsafe after evening activities, and the district should repair them before winter.",2026-09-07,5,Parent,English,Other,Community School A,school_safety
SYN-0093,Teachers need training to recognize signs of emotional distress and refer students to mental health specialists instead of treating every crisis as misconduct.,2026-09-02,8,Teacher,English,Owner,Community School B,mental_health
SYN-0094,Will the transportation department publish missed pickup records and on time arrival figures for every school bus route so families can track reliability?,2026-09-07,8,Parent,English,Renter,Community School B,transportation
SYN-0095,"After attending multiple hearings, I am increasingly concerned. Will the district publish an accessibility contact and a simple way to request disability accommodations before each public hearing takes place?",2026-09-12,8,Parent,English,Renter,Community School A,accessibility
SYN-0096,"The public summary says residents supported the proposal but does not explain which concerns were raised or how those comments changed the final decision. I live at 196 Community Avenue, Apt 7C.",2026-09-07,7,Parent,English,Owner,Community School B,communication
SYN-0097,Please protect teaching positions and reduce oversized classes so that each child receives individual help with reading and mathematics during the school day.,2026-09-02,10,Parent,English,Renter,Community School A,classroom_resources
SYN-0098,"After attending multiple hearings, I am increasingly concerned. Please provide safety training for staff who supervise arrival and dismissal, including how to respond when a child is separated from their caregiver.",2026-09-12,8,Parent,English,Renter,Community School D,school_safety
SYN-0099,Please preserve confidential counseling appointments so that young people can discuss depression with a qualified clinician without feeling judged by their classmates.,2026-09-07,20,Parent,English,Owner,Community School C,mental_health
SYN-0100,Families need accurate bus arrival notifications because the transport office often announces a cancelled route only after children have already left home.,2026-09-02,8,Student,English,Owner,Community School A,transportation
SYN-0101,"After attending multiple hearings, I am increasingly concerned. I appreciate the new accessible entrance, but the hearing room also needs space for wheelchairs and a working sound system for people with hearing loss. Contact Jordan Brooks at sample.person101@example.org or 312-555-1101.",2026-09-12,5,Resident,English,Owner,Community School B,accessibility
SYN-0102,"I welcome the new public newsletter, but it should clearly distinguish confirmed decisions from proposals that are still open for community discussion.",2026-09-02,7,Parent,English,Renter,Community School B,communication
SYN-0103,Please protect teaching positions and reduce oversized classes so that each child receives individual help with reading and mathematics during the school day.,2026-09-07,20,Parent,English,Renter,Community School D,classroom_resources
SYN-0104,"Broken lights near the school playground make the walking route unsafe after evening activities, and the district should repair them before winter.",2026-09-02,8,Parent,English,Renter,Community School C,school_safety
SYN-0105,"After attending multiple hearings, I am increasingly concerned. Please preserve confidential counseling appointments so that young people can discuss depression with a qualified clinician without feeling judged by their classmates. I live at 205 Civic Way, Apt 16C.",2026-09-12,10,Teacher,English,Owner,Community School B,mental_health
SYN-0106,"The journey to school now takes more than an hour because the bus route crosses several neighborhoods before reaching its final destination. I live at 206 Public Square Road, Apt 17A.",2026-09-07,7,Community organizer,English,Renter,Community School B,transportation
SYN-0107,"Will the district publish an accessibility contact and a simple way to request disability accommodations before each public hearing takes place? I live at 207 Learning Street, Apt 18B.",2026-09-07,7,Parent,Mandarin,Renter,Community School D,accessibility
SYN-0108,"After attending multiple hearings, I am increasingly concerned. People who cannot attend an evening hearing need a recording and written minutes so they can understand the discussion and submit informed follow up comments. Contact Riley Hayes at sample.person108@example.org or 312-555-1108.",2026-09-12,8,Parent,English,Renter,Community School B,communication
SYN-0109,The school library needs current books at several reading levels because the same worn classroom texts do not meet every student learning need.,2026-09-02,10,Resident,English,Renter,Community School A,classroom_resources
SYN-0110,"Cars speed through the school crossing at dismissal, and trained crossing guards are needed to help children reach the pavement safely every afternoon.",2026-09-12,20,Community organizer,Mandarin,Renter,Community School B,school_safety
SYN-0111,Teachers need training to recognize signs of emotional distress and refer students to mental health specialists instead of treating every crisis as misconduct.,2026-09-02,6,Parent,English,Renter,Community School A,mental_health
SYN-0112,Please provide an accessible school bus with working wheelchair restraints so children with mobility needs can travel safely with the other students.,2026-09-07,6,Teacher,Polish,Renter,Community School D,transportation
SYN-0113,"The hearing room entrance has steps and no usable ramp, preventing wheelchair users from entering independently to give their public comments.",2026-09-12,10,Parent,English,Renter,Community School C,accessibility
SYN-0114,People who cannot attend an evening hearing need a recording and written minutes so they can understand the discussion and submit informed follow up comments.,2026-09-07,8,Parent,English,Renter,Community School C,communication
SYN-0115,"Our classroom has thirty five children sharing twenty textbooks, so several pupils cannot take a reading book home to practice their lessons.",2026-09-07,8,Parent,English,Owner,Community School B,classroom_resources
SYN-0116,"After attending multiple hearings, I am increasingly concerned. Families need a clear emergency evacuation procedure explaining where children will assemble and how school staff will contact parents after an incident.",2026-09-12,8,Parent,English,Renter,Community School C,school_safety
SYN-0117,"Please preserve confidential counseling appointments so that young people can discuss depression with a qualified clinician without feeling judged by their classmates. I live at 217 Civic Way, Apt 28A.",2026-09-12,7,Resident,English,Renter,Community School C,mental_health
SYN-0118,"I support reviewing school bus routes, but parents need advance notice and safe replacement stops before any existing transportation service is removed.",2026-09-12,8,Parent,English,Renter,Community School B,transportation
SYN-0119,"The online comment form cannot be completed with a keyboard, which excludes residents who use assistive technology instead of a computer mouse. I live at 219 Civic Way, Apt 30A.",2026-09-07,10,Parent,English,Renter,Community School A,accessibility
SYN-0120,"I welcome the new public newsletter, but it should clearly distinguish confirmed decisions from proposals that are still open for community discussion.",2026-09-07,8,Parent,English,Renter,Community School D,communication
SYN-0121,Teachers are buying pencils and exercise books with their own money because the classroom supply budget runs out before the winter term.,2026-09-12,10,Parent,English,Renter,Community School B,classroom_resources
SYN-0122,"After attending multiple hearings, I am increasingly concerned. There have been repeated fights outside the school entrance, and supervised dismissal with trained adults could reduce the risk of injuries to students.",2026-09-12,8,Resident,English,Renter,Community School A,school_safety
SYN-0123,How many licensed psychologists will the district hire to reduce the waiting list for student mental health assessments and ongoing individual therapy?,2026-09-07,5,Parent,English,Owner,Community School A,mental_health
SYN-0124,"After attending multiple hearings, I am increasingly concerned. I support reviewing school bus routes, but parents need advance notice and safe replacement stops before any existing transportation service is removed.",2026-09-12,10,Parent,English,Renter,Community School C,transportation
SYN-0125,Residents who speak languages other than English need qualified interpreters and translated hearing documents before they can respond to the proposed changes.,2026-09-12,10,Resident,Spanish,Owner,Community School C,accessibility
SYN-0126,Regular progress updates should explain what has changed since the last meeting and provide direct links to the supporting reports and budget documents. Contact Jordan Hayes at sample.person126@example.org or 312-555-1126.,2026-09-02,10,Parent,English,Renter,Community School C,communication
SYN-0127,Students who need extra practice are losing after school tutoring hours while their teachers are already responsible for more children than they can support.,2026-09-12,10,Teacher,Polish,Renter,Community School C,classroom_resources
SYN-0128,Families need a clear emergency evacuation procedure explaining where children will assemble and how school staff will contact parents after an incident.,2026-09-02,10,Parent,English,Renter,Community School C,school_safety
SYN-0129,How many licensed psychologists will the district hire to reduce the waiting list for student mental health assessments and ongoing individual therapy?,2026-09-12,10,Parent,English,Renter,Community School A,mental_health
SYN-0130,"After attending multiple hearings, I am increasingly concerned. Please provide an accessible school bus with working wheelchair restraints so children with mobility needs can travel safely with the other students.",2026-09-12,10,Student,English,Renter,Community School C,transportation
SYN-0131,"After attending multiple hearings, I am increasingly concerned. Will the district publish an accessibility contact and a simple way to request disability accommodations before each public hearing takes place? Contact Casey Lane at sample.person131@example.org or 312-555-1131.",2026-09-12,6,Parent,English,Renter,Community School B,accessibility
SYN-0132,"Families received the hearing notice only one day before the meeting, leaving too little time to read the proposal and prepare meaningful questions.",2026-09-02,6,Parent,English,Renter,Community School D,communication
SYN-0133,Will the district publish a classroom staffing plan showing how many teachers and teaching assistants will be available for each grade next year?,2026-09-12,6,Parent,English,Renter,Community School B,classroom_resources
SYN-0134,Families need a clear emergency evacuation procedure explaining where children will assemble and how school staff will contact parents after an incident.,2026-09-02,8,Teacher,English,Renter,Community School C,school_safety
SYN-0135,"I welcome the proposed counseling service, but students need a private room and a reliable appointment system before they will feel comfortable seeking help.",2026-09-02,7,Teacher,English,Renter,Community School A,mental_health
SYN-0136,Families need accurate bus arrival notifications because the transport office often announces a cancelled route only after children have already left home.,2026-09-07,10,Parent,English,Renter,Community School D,transportation
SYN-0137,The meeting recording needs accurate captions because automatic transcription repeatedly omits important details and makes it difficult for deaf families to review decisions.,2026-09-02,7,Parent,English,Renter,Community School B,accessibility
SYN-0138,"I welcome the new public newsletter, but it should clearly distinguish confirmed decisions from proposals that are still open for community discussion.",2026-09-07,8,Parent,English,Owner,Community School A,communication
SYN-0139,Please protect teaching positions and reduce oversized classes so that each child receives individual help with reading and mathematics during the school day.,2026-09-02,5,Parent,English,Renter,Community School A,classroom_resources
SYN-0140,"There have been repeated fights outside the school entrance, and supervised dismissal with trained adults could reduce the risk of injuries to students.",2026-09-02,8,Parent,English,Renter,Community School A,school_safety
SYN-0141,How many licensed psychologists will the district hire to reduce the waiting list for student mental health assessments and ongoing individual therapy?,2026-09-07,8,Resident,English,Owner,Community School A,mental_health
SYN-0142,The journey to school now takes more than an hour because the bus route crosses several neighborhoods before reaching its final destination.,2026-09-07,8,Resident,Polish,Renter,Community School D,transportation
SYN-0143,"The online comment form cannot be completed with a keyboard, which excludes residents who use assistive technology instead of a computer mouse.",2026-09-02,6,Student,English,Renter,Community School A,accessibility
SYN-0144,"Will the district publish a response log showing each recurring public question, the department handling it, and the date an answer is expected?",2026-09-12,5,Student,English,Owner,Community School B,communication
SYN-0145,The school library needs current books at several reading levels because the same worn classroom texts do not meet every student learning need.,2026-09-12,10,Parent,English,Owner,Community School D,classroom_resources
SYN-0146,"Broken lights near the school playground make the walking route unsafe after evening activities, and the district should repair them before winter.",2026-09-02,10,Student,Mandarin,Owner,Community School B,school_safety
SYN-0147,Children experiencing anxiety wait several weeks to see a school counselor because one mental health professional is assigned to too many campuses.,2026-09-07,8,Community organizer,Polish,Renter,Community School D,mental_health
SYN-0148,"After school clubs are inaccessible to children whose only bus leaves immediately after lessons, so an additional late route would improve participation.",2026-09-02,20,Parent,English,Renter,Community School D,transportation
SYN-0149,"The online comment form cannot be completed with a keyboard, which excludes residents who use assistive technology instead of a computer mouse.",2026-09-07,7,Resident,English,Renter,Community School D,accessibility
SYN-0150,Please publish meeting dates and decision deadlines in a single public calendar so residents do not have to search several different district websites.,2026-09-02,10,Parent,Spanish,Renter,Community School D,communication
SYN-0151,Please protect teaching positions and reduce oversized classes so that each child receives individual help with reading and mathematics during the school day.,2026-09-12,8,Teacher,English,Renter,Community School C,classroom_resources
SYN-0152,"There have been repeated fights outside the school entrance, and supervised dismissal with trained adults could reduce the risk of injuries to students. I live at 252 Community Avenue, Apt 3A.",2026-09-07,5,Parent,English,Renter,Community School A,school_safety
SYN-0153,"Students recovering from traumatic events need consistent therapeutic support throughout the school year, rather than a single visit from a temporary counselor. I live at 253 Learning Street, Apt 4A.",2026-09-12,7,Parent,English,Owner,Community School B,mental_health
SYN-0154,"I support reviewing school bus routes, but parents need advance notice and safe replacement stops before any existing transportation service is removed.",2026-09-07,10,Resident,English,Other,Community School A,transportation
SYN-0155,People using screen readers need accessible documents with clear headings and meaningful link labels instead of scanned images of the hearing materials.,2026-09-02,20,Parent,English,Renter,Community School A,accessibility
SYN-0156,"Questions submitted at the previous hearing have received no written response, and the district should identify who is responsible for answering them.",2026-09-07,10,Resident,English,Owner,Community School A,communication
SYN-0157,Teachers are buying pencils and exercise books with their own money because the classroom supply budget runs out before the winter term.,2026-09-12,8,Parent,English,Renter,Community School A,classroom_resources
SYN-0158,"I support a safer visitor check in process, but security measures should not make children feel threatened when they enter their school each morning.",2026-09-07,7,Student,English,Owner,Community School C,school_safety
SYN-0159,"After attending multiple hearings, I am increasingly concerned. Our school needs a full time social worker who can support students dealing with grief and help families find appropriate mental health care.",2026-09-12,10,Community organizer,English,Renter,Community School A,mental_health
SYN-0160,The journey to school now takes more than an hour because the bus route crosses several neighborhoods before reaching its final destination.,2026-09-07,20,Teacher,English,Other,Community School C,transportation
SYN-0161,"The online comment form cannot be completed with a keyboard, which excludes residents who use assistive technology instead of a computer mouse.",2026-09-12,10,Parent,English,Renter,Community School C,accessibility
SYN-0162,"Will the district publish a response log showing each recurring public question, the department handling it, and the date an answer is expected?",2026-09-07,7,Parent,English,Renter,Community School A,communication
SYN-0163,The school library needs current books at several reading levels because the same worn classroom texts do not meet every student learning need.,2026-09-02,8,Teacher,English,Renter,Community School A,classroom_resources
SYN-0164,Will the school publish the results of its building safety inspection and explain when broken locks and unsafe playground equipment will be repaired?,2026-09-02,10,Teacher,Spanish,Renter,Community School D,school_safety
SYN-0165,Children experiencing anxiety wait several weeks to see a school counselor because one mental health professional is assigned to too many campuses.,2026-09-12,20,Parent,English,Renter,Community School D,mental_health
SYN-0166,"Bus driver shortages have forced families to arrange expensive alternative transport, and the district should explain how it will recruit and retain drivers. I live at 266 Community Avenue, Apt 17B.",2026-09-02,8,Parent,English,Renter,Community School C,transportation
SYN-0167,"The online comment form cannot be completed with a keyboard, which excludes residents who use assistive technology instead of a computer mouse.",2026-09-02,7,Community organizer,English,Renter,Community School C,accessibility
SYN-0168,"After attending multiple hearings, I am increasingly concerned. Regular progress updates should explain what has changed since the last meeting and provide direct links to the supporting reports and budget documents.",2026-09-12,8,Parent,English,Renter,Community School D,communication
SYN-0169,Students who need extra practice are losing after school tutoring hours while their teachers are already responsible for more children than they can support.,2026-09-07,6,Parent,Mandarin,Owner,Community School D,classroom_resources
SYN-0170,"Cars speed through the school crossing at dismissal, and trained crossing guards are needed to help children reach the pavement safely every afternoon.",2026-09-02,10,Parent,English,Renter,Community School B,school_safety
SYN-0171,Teachers need training to recognize signs of emotional distress and refer students to mental health specialists instead of treating every crisis as misconduct.,2026-09-07,8,Parent,English,Renter,Community School B,mental_health
SYN-0172,The journey to school now takes more than an hour because the bus route crosses several neighborhoods before reaching its final destination.,2026-09-07,6,Parent,English,Renter,Community School B,transportation
SYN-0173,"The online comment form cannot be completed with a keyboard, which excludes residents who use assistive technology instead of a computer mouse. I live at 273 Public Square Road, Apt 24C.",2026-09-12,10,Parent,English,Renter,Community School A,accessibility
SYN-0174,Regular progress updates should explain what has changed since the last meeting and provide direct links to the supporting reports and budget documents.,2026-09-12,5,Parent,English,Owner,Community School A,communication
SYN-0175,The school library needs current books at several reading levels because the same worn classroom texts do not meet every student learning need.,2026-09-02,8,Student,English,Renter,Community School C,classroom_resources
SYN-0176,"I support a safer visitor check in process, but security measures should not make children feel threatened when they enter their school each morning. I live at 276 Learning Street, Apt 27B.",2026-09-02,10,Resident,English,Renter,Community School B,school_safety
SYN-0177,"After attending multiple hearings, I am increasingly concerned. Please preserve confidential counseling appointments so that young people can discuss depression with a qualified clinician without feeling judged by their classmates. I live at 277 Learning Street, Apt 28B.",2026-09-12,8,Resident,English,Owner,Community School D,mental_health
SYN-0178,"Our school bus arrives late several mornings each week, leaving children at the stop and causing them to miss breakfast and their first lesson.",2026-09-07,7,Parent,Polish,Owner,Community School D,transportation
SYN-0179,"I appreciate the new accessible entrance, but the hearing room also needs space for wheelchairs and a working sound system for people with hearing loss.",2026-09-02,10,Resident,English,Renter,Community School B,accessibility
SYN-0180,"Questions submitted at the previous hearing have received no written response, and the district should identify who is responsible for answering them. I live at 280 Civic Way, Apt 1C.",2026-09-07,10,Parent,English,Owner,Community School A,communication
SYN-0181,"After attending multiple hearings, I am increasingly concerned. Teachers are buying pencils and exercise books with their own money because the classroom supply budget runs out before the winter term.",2026-09-12,6,Resident,Spanish,Renter,Community School A,classroom_resources
SYN-0182,"Broken lights near the school playground make the walking route unsafe after evening activities, and the district should repair them before winter.",2026-09-12,10,Parent,English,Renter,Community School A,school_safety
SYN-0183,Our school needs a full time social worker who can support students dealing with grief and help families find appropriate mental health care. Contact Avery Lane at sample.person183@example.org or 312-555-1183.,2026-09-02,10,Community organizer,English,Owner,Community School C,mental_health
SYN-0184,"Our school bus arrives late several mornings each week, leaving children at the stop and causing them to miss breakfast and their first lesson. Contact Jordan Brooks at sample.person184@example.org or 312-555-1184.",2026-09-02,7,Parent,English,Renter,Community School D,transportation
SYN-0185,"The online comment form cannot be completed with a keyboard, which excludes residents who use assistive technology instead of a computer mouse.",2026-09-02,10,Resident,Mandarin,Owner,Community School B,accessibility
SYN-0186,"Families received the hearing notice only one day before the meeting, leaving too little time to read the proposal and prepare meaningful questions.",2026-09-02,6,Resident,Spanish,Renter,Community School A,communication
SYN-0187,"After attending multiple hearings, I am increasingly concerned. I support spending more of the education budget on textbooks and teaching staff rather than asking families to pay for essential classroom supplies.",2026-09-12,6,Parent,Polish,Renter,Community School C,classroom_resources
SYN-0188,"After attending multiple hearings, I am increasingly concerned. Will the school publish the results of its building safety inspection and explain when broken locks and unsafe playground equipment will be repaired?",2026-09-12,8,Student,English,Renter,Community School B,school_safety
SYN-0189,Teachers need training to recognize signs of emotional distress and refer students to mental health specialists instead of treating every crisis as misconduct.,2026-09-07,7,Parent,English,Renter,Community School A,mental_health
SYN-0190,Will the transportation department publish missed pickup records and on time arrival figures for every school bus route so families can track reliability?,2026-09-12,8,Parent,English,Renter,Community School A,transportation
SYN-0191,"People using screen readers need accessible documents with clear headings and meaningful link labels instead of scanned images of the hearing materials. I live at 291 Public Square Road, Apt 12B.",2026-09-02,7,Resident,English,Renter,Community School C,accessibility
SYN-0192,The public summary says residents supported the proposal but does not explain which concerns were raised or how those comments changed the final decision.,2026-09-07,7,Parent,Spanish,Renter,Community School B,communication
SYN-0193,"Our classroom has thirty five children sharing twenty textbooks, so several pupils cannot take a reading book home to practice their lessons.",2026-09-07,5,Community organizer,English,Renter,Community School D,classroom_resources
SYN-0194,"There have been repeated fights outside the school entrance, and supervised dismissal with trained adults could reduce the risk of injuries to students.",2026-09-07,7,Parent,English,Owner,Community School C,school_safety
SYN-0195,Our school needs a full time social worker who can support students dealing with grief and help families find appropriate mental health care.,2026-09-07,10,Parent,English,Renter,Community School A,mental_health
SYN-0196,"I support reviewing school bus routes, but parents need advance notice and safe replacement stops before any existing transportation service is removed. Contact Jordan Lane at sample.person196@example.org or 312-555-1196.",2026-09-07,10,Teacher,English,Renter,Community School C,transportation
SYN-0197,"After attending multiple hearings, I am increasingly concerned. The hearing room entrance has steps and no usable ramp, preventing wheelchair users from entering independently to give their public comments. Contact Riley Reed at sample.person197@example.org or 312-555-1197.",2026-09-12,8,Student,English,Renter,Community School C,accessibility
SYN-0198,"Questions submitted at the previous hearing have received no written response, and the district should identify who is responsible for answering them. I live at 298 Civic Way, Apt 19B.",2026-09-02,10,Parent,English,Renter,Community School C,communication
SYN-0199,"Our classroom has thirty five children sharing twenty textbooks, so several pupils cannot take a reading book home to practice their lessons.",2026-09-02,8,Teacher,English,Renter,Community School D,classroom_resources
SYN-0200,"There have been repeated fights outside the school entrance, and supervised dismissal with trained adults could reduce the risk of injuries to students.",2026-09-02,10,Student,English,Owner,Community School D,school_safety
SYN-0201,Please preserve confidential counseling appointments so that young people can discuss depression with a qualified clinician without feeling judged by their classmates.,2026-09-07,8,Parent,English,Renter,Community School D,mental_health
SYN-0202,"After attending multiple hearings, I am increasingly concerned. After school clubs are inaccessible to children whose only bus leaves immediately after lessons, so an additional late route would improve participation.",2026-09-12,5,Parent,English,Renter,Community School C,transportation
SYN-0203,"I appreciate the new accessible entrance, but the hearing room also needs space for wheelchairs and a working sound system for people with hearing loss.",2026-09-07,5,Parent,English,Other,Community School D,accessibility
SYN-0204,"After attending multiple hearings, I am increasingly concerned. People who cannot attend an evening hearing need a recording and written minutes so they can understand the discussion and submit informed follow up comments.",2026-09-12,8,Parent,English,Owner,Community School B,communication
SYN-0205,"Science lessons cannot include experiments when the classroom has no working equipment, and replacing broken laboratory supplies should be a budget priority.",2026-09-02,5,Parent,Mandarin,Renter,Community School D,classroom_resources
SYN-0206,"Please provide safety training for staff who supervise arrival and dismissal, including how to respond when a child is separated from their caregiver. Contact Avery Parker at sample.person206@example.org or 312-555-1206.",2026-09-02,5,Parent,English,Renter,Community School D,school_safety
SYN-0207,How many licensed psychologists will the district hire to reduce the waiting list for student mental health assessments and ongoing individual therapy?,2026-09-02,7,Teacher,Spanish,Renter,Community School B,mental_health
SYN-0208,"I support reviewing school bus routes, but parents need advance notice and safe replacement stops before any existing transportation service is removed.",2026-09-02,8,Parent,English,Owner,Community School C,transportation
SYN-0209,"I appreciate the new accessible entrance, but the hearing room also needs space for wheelchairs and a working sound system for people with hearing loss.",2026-09-07,8,Community organizer,English,Other,Community School A,accessibility
SYN-0210,"Regular progress updates should explain what has changed since the last meeting and provide direct links to the supporting reports and budget documents. I live at 310 Learning Street, Apt 1A.",2026-09-02,8,Student,English,Renter,Community School D,communication
SYN-0211,Teachers are buying pencils and exercise books with their own money because the classroom supply budget runs out before the winter term.,2026-09-07,20,Parent,English,Owner,Community School A,classroom_resources
SYN-0212,"The entrance gate is routinely left open during lessons, so visitors can walk onto school grounds without checking in with the security team. I live at 312 Public Square Road, Apt 3B.",2026-09-12,8,Teacher,English,Renter,Community School A,school_safety
SYN-0213,How many licensed psychologists will the district hire to reduce the waiting list for student mental health assessments and ongoing individual therapy?,2026-09-07,5,Parent,English,Renter,Community School A,mental_health
SYN-0214,"After attending multiple hearings, I am increasingly concerned. After school clubs are inaccessible to children whose only bus leaves immediately after lessons, so an additional late route would improve participation. I live at 314 Public Square Road, Apt 5B.",2026-09-12,8,Parent,English,Owner,Community School C,transportation
SYN-0215,Please provide live captions and sign language interpretation during public meetings so deaf residents can follow the discussion and participate on equal terms.,2026-09-07,8,Parent,Mandarin,Renter,Community School C,accessibility
SYN-0216,"Will the district publish a response log showing each recurring public question, the department handling it, and the date an answer is expected? I live at 316 Public Square Road, Apt 7B.",2026-09-02,5,Parent,English,Owner,Community School C,communication
SYN-0217,Students who need extra practice are losing after school tutoring hours while their teachers are already responsible for more children than they can support.,2026-09-07,6,Parent,English,Renter,Community School C,classroom_resources
SYN-0218,"Broken lights near the school playground make the walking route unsafe after evening activities, and the district should repair them before winter.",2026-09-02,10,Community organizer,Spanish,Renter,Community School D,school_safety
SYN-0219,Our school needs a full time social worker who can support students dealing with grief and help families find appropriate mental health care.,2026-09-02,7,Parent,English,Renter,Community School A,mental_health
SYN-0220,"Bus driver shortages have forced families to arrange expensive alternative transport, and the district should explain how it will recruit and retain drivers.",2026-09-07,6,Parent,English,Renter,Community School C,transportation
SYN-0221,Residents who speak languages other than English need qualified interpreters and translated hearing documents before they can respond to the proposed changes.,2026-09-07,7,Parent,Spanish,Renter,Community School A,accessibility
SYN-0222,"After attending multiple hearings, I am increasingly concerned. Please publish meeting dates and decision deadlines in a single public calendar so residents do not have to search several different district websites.",2026-09-12,7,Parent,English,Renter,Community School A,communication
SYN-0223,I support spending more of the education budget on textbooks and teaching staff rather than asking families to pay for essential classroom supplies.,2026-09-12,6,Parent,English,Renter,Community School C,classroom_resources
SYN-0224,"The entrance gate is routinely left open during lessons, so visitors can walk onto school grounds without checking in with the security team.",2026-09-07,20,Parent,English,Renter,Community School A,school_safety
SYN-0225,Children experiencing anxiety wait several weeks to see a school counselor because one mental health professional is assigned to too many campuses.,2026-09-12,20,Resident,English,Owner,Community School A,mental_health
SYN-0226,"After attending multiple hearings, I am increasingly concerned. Please provide an accessible school bus with working wheelchair restraints so children with mobility needs can travel safely with the other students.",2026-09-12,6,Student,Polish,Owner,Community School A,transportation
SYN-0227,"I appreciate the new accessible entrance, but the hearing room also needs space for wheelchairs and a working sound system for people with hearing loss. I live at 327 Public Square Road, Apt 18C.",2026-09-07,8,Resident,English,Renter,Community School D,accessibility
SYN-0228,"I welcome the new public newsletter, but it should clearly distinguish confirmed decisions from proposals that are still open for community discussion.",2026-09-07,10,Community organizer,English,Other,Community School C,communication
SYN-0229,Please protect teaching positions and reduce oversized classes so that each child receives individual help with reading and mathematics during the school day.,2026-09-07,10,Resident,English,Renter,Community School C,classroom_resources
SYN-0230,"The entrance gate is routinely left open during lessons, so visitors can walk onto school grounds without checking in with the security team.",2026-09-02,10,Parent,Spanish,Renter,Community School B,school_safety
SYN-0231,How many licensed psychologists will the district hire to reduce the waiting list for student mental health assessments and ongoing individual therapy?,2026-09-02,10,Student,English,Renter,Community School B,mental_health
SYN-0232,"Bus driver shortages have forced families to arrange expensive alternative transport, and the district should explain how it will recruit and retain drivers.",2026-09-12,6,Resident,Spanish,Renter,Community School A,transportation
SYN-0233,"The online comment form cannot be completed with a keyboard, which excludes residents who use assistive technology instead of a computer mouse.",2026-09-12,8,Teacher,English,Renter,Community School C,accessibility
SYN-0234,"I welcome the new public newsletter, but it should clearly distinguish confirmed decisions from proposals that are still open for community discussion.",2026-09-02,8,Parent,English,Renter,Community School B,communication
SYN-0235,"After attending multiple hearings, I am increasingly concerned. Teachers are buying pencils and exercise books with their own money because the classroom supply budget runs out before the winter term.",2026-09-12,7,Teacher,English,Renter,Community School C,classroom_resources
SYN-0236,"The entrance gate is routinely left open during lessons, so visitors can walk onto school grounds without checking in with the security team.",2026-09-02,5,Teacher,English,Owner,Community School D,school_safety
SYN-0237,"Students recovering from traumatic events need consistent therapeutic support throughout the school year, rather than a single visit from a temporary counselor.",2026-09-07,10,Resident,Polish,Renter,Community School A,mental_health
SYN-0238,Families need accurate bus arrival notifications because the transport office often announces a cancelled route only after children have already left home.,2026-09-12,5,Parent,Spanish,Renter,Community School C,transportation
SYN-0239,Will the district publish an accessibility contact and a simple way to request disability accommodations before each public hearing takes place?,2026-09-02,7,Parent,English,Renter,Community School D,accessibility
SYN-0240,"Questions submitted at the previous hearing have received no written response, and the district should identify who is responsible for answering them.",2026-09-07,8,Parent,English,Renter,Community School A,communication
SYN-0241,"After attending multiple hearings, I am increasingly concerned. Teachers are buying pencils and exercise books with their own money because the classroom supply budget runs out before the winter term.",2026-09-12,10,Parent,English,Owner,Community School C,classroom_resources
SYN-0242,"There have been repeated fights outside the school entrance, and supervised dismissal with trained adults could reduce the risk of injuries to students.",2026-09-02,5,Resident,English,Renter,Community School B,school_safety
SYN-0243,The budget should fund mental health counseling during school holidays because anxiety and emotional crises do not stop when the classroom closes.,2026-09-07,7,Parent,English,Owner,Community School C,mental_health
SYN-0244,"After attending multiple hearings, I am increasingly concerned. Families need accurate bus arrival notifications because the transport office often announces a cancelled route only after children have already left home. Contact Avery Lane at sample.person244@example.org or 312-555-1244.",2026-09-12,20,Resident,English,Renter,Community School B,transportation
SYN-0245,Will the district publish an accessibility contact and a simple way to request disability accommodations before each public hearing takes place?,2026-09-12,7,Parent,English,Owner,Community School C,accessibility
SYN-0246,Regular progress updates should explain what has changed since the last meeting and provide direct links to the supporting reports and budget documents.,2026-09-02,8,Resident,English,Other,Community School A,communication
SYN-0247,I support spending more of the education budget on textbooks and teaching staff rather than asking families to pay for essential classroom supplies.,2026-09-07,7,Student,English,Renter,Community School A,classroom_resources
SYN-0248,"Broken lights near the school playground make the walking route unsafe after evening activities, and the district should repair them before winter.",2026-09-07,5,Parent,English,Renter,Community School B,school_safety
SYN-0249,"Students recovering from traumatic events need consistent therapeutic support throughout the school year, rather than a single visit from a temporary counselor.",2026-09-12,10,Parent,English,Renter,Community School A,mental_health
SYN-0250,The journey to school now takes more than an hour because the bus route crosses several neighborhoods before reaching its final destination. Contact Casey Reed at sample.person250@example.org or 312-555-1250.,2026-09-12,5,Parent,Spanish,Renter,Community School D,transportation
SYN-0251,"The hearing room entrance has steps and no usable ramp, preventing wheelchair users from entering independently to give their public comments.",2026-09-07,20,Resident,English,Renter,Community School D,accessibility
SYN-0252,People who cannot attend an evening hearing need a recording and written minutes so they can understand the discussion and submit informed follow up comments.,2026-09-07,8,Parent,English,Renter,Community School D,communication
SYN-0253,Will the district publish a classroom staffing plan showing how many teachers and teaching assistants will be available for each grade next year?,2026-09-02,7,Parent,English,Renter,Community School B,classroom_resources
SYN-0254,Families need a clear emergency evacuation procedure explaining where children will assemble and how school staff will contact parents after an incident.,2026-09-02,7,Student,English,Renter,Community School C,school_safety
SYN-0255,"I welcome the proposed counseling service, but students need a private room and a reliable appointment system before they will feel comfortable seeking help.",2026-09-12,20,Resident,Spanish,Renter,Community School B,mental_health
SYN-0256,The journey to school now takes more than an hour because the bus route crosses several neighborhoods before reaching its final destination. Contact Jordan Hayes at sample.person256@example.org or 312-555-1256.,2026-09-02,7,Parent,Spanish,Owner,Community School B,transportation
SYN-0257,People using screen readers need accessible documents with clear headings and meaningful link labels instead of scanned images of the hearing materials.,2026-09-07,10,Parent,Spanish,Owner,Community School D,accessibility
SYN-0258,Please publish meeting dates and decision deadlines in a single public calendar so residents do not have to search several different district websites.,2026-09-02,20,Student,Polish,Owner,Community School C,communication
SYN-0259,"After attending multiple hearings, I am increasingly concerned. Will the district publish a classroom staffing plan showing how many teachers and teaching assistants will be available for each grade next year?",2026-09-12,10,Resident,English,Owner,Community School B,classroom_resources
SYN-0260,Families need a clear emergency evacuation procedure explaining where children will assemble and how school staff will contact parents after an incident.,2026-09-02,10,Resident,English,Renter,Community School B,school_safety
SYN-0261,How many licensed psychologists will the district hire to reduce the waiting list for student mental health assessments and ongoing individual therapy?,2026-09-12,7,Teacher,English,Renter,Community School D,mental_health
SYN-0262,"After attending multiple hearings, I am increasingly concerned. Will the transportation department publish missed pickup records and on time arrival figures for every school bus route so families can track reliability?",2026-09-12,10,Parent,English,Renter,Community School B,transportation
SYN-0263,Will the district publish an accessibility contact and a simple way to request disability accommodations before each public hearing takes place?,2026-09-07,10,Resident,Spanish,Renter,Community School D,accessibility
SYN-0264,"Families received the hearing notice only one day before the meeting, leaving too little time to read the proposal and prepare meaningful questions.",2026-09-02,8,Teacher,English,Renter,Community School A,communication
SYN-0265,Will the district publish a classroom staffing plan showing how many teachers and teaching assistants will be available for each grade next year?,2026-09-02,8,Resident,Spanish,Renter,Community School D,classroom_resources
SYN-0266,"The entrance gate is routinely left open during lessons, so visitors can walk onto school grounds without checking in with the security team.",2026-09-12,8,Resident,English,Owner,Community School B,school_safety
SYN-0267,"Students recovering from traumatic events need consistent therapeutic support throughout the school year, rather than a single visit from a temporary counselor.",2026-09-02,8,Resident,English,Owner,Community School A,mental_health
SYN-0268,"Bus driver shortages have forced families to arrange expensive alternative transport, and the district should explain how it will recruit and retain drivers.",2026-09-02,20,Parent,English,Owner,Community School C,transportation
SYN-0269,Residents who speak languages other than English need qualified interpreters and translated hearing documents before they can respond to the proposed changes.,2026-09-02,10,Resident,English,Owner,Community School A,accessibility
SYN-0270,"I welcome the new public newsletter, but it should clearly distinguish confirmed decisions from proposals that are still open for community discussion.",2026-09-07,10,Parent,English,Renter,Community School D,communication
SYN-0271,Will the district publish a classroom staffing plan showing how many teachers and teaching assistants will be available for each grade next year?,2026-09-07,7,Parent,English,Owner,Community School C,classroom_resources
SYN-0272,"There have been repeated fights outside the school entrance, and supervised dismissal with trained adults could reduce the risk of injuries to students. I live at 372 Civic Way, Apt 3A.",2026-09-07,7,Teacher,English,Renter,Community School C,school_safety
SYN-0273,The budget should fund mental health counseling during school holidays because anxiety and emotional crises do not stop when the classroom closes.,2026-09-07,20,Parent,English,Renter,Community School B,mental_health
SYN-0274,"Our school bus arrives late several mornings each week, leaving children at the stop and causing them to miss breakfast and their first lesson.",2026-09-12,10,Parent,Spanish,Owner,Community School C,transportation
SYN-0275,"The online comment form cannot be completed with a keyboard, which excludes residents who use assistive technology instead of a computer mouse.",2026-09-12,10,Parent,English,Renter,Community School C,accessibility
SYN-0276,"Will the district publish a response log showing each recurring public question, the department handling it, and the date an answer is expected? I live at 376 Civic Way, Apt 7A.",2026-09-02,20,Student,English,Owner,Community School A,communication
SYN-0277,The school library needs current books at several reading levels because the same worn classroom texts do not meet every student learning need.,2026-09-12,8,Parent,Mandarin,Renter,Community School B,classroom_resources
SYN-0278,"I support a safer visitor check in process, but security measures should not make children feel threatened when they enter their school each morning.",2026-09-02,7,Community organizer,English,Owner,Community School B,school_safety
SYN-0279,"After attending multiple hearings, I am increasingly concerned. Please preserve confidential counseling appointments so that young people can discuss depression with a qualified clinician without feeling judged by their classmates.",2026-09-12,8,Parent,English,Renter,Community School D,mental_health
SYN-0280,Families need accurate bus arrival notifications because the transport office often announces a cancelled route only after children have already left home.,2026-09-07,7,Teacher,Spanish,Renter,Community School A,transportation
SYN-0281,"After attending multiple hearings, I am increasingly concerned. Residents who speak languages other than English need qualified interpreters and translated hearing documents before they can respond to the proposed changes. Contact Jordan Lane at sample.person281@example.org or 312-555-1281.",2026-09-12,7,Resident,Mandarin,Owner,Community School B,accessibility
SYN-0282,"Questions submitted at the previous hearing have received no written response, and the district should identify who is responsible for answering them.",2026-09-07,8,Parent,English,Owner,Community School B,communication
SYN-0283,I support spending more of the education budget on textbooks and teaching staff rather than asking families to pay for essential classroom supplies.,2026-09-07,7,Parent,English,Owner,Community School A,classroom_resources
SYN-0284,"The entrance gate is routinely left open during lessons, so visitors can walk onto school grounds without checking in with the security team.",2026-09-07,8,Parent,English,Renter,Community School A,school_safety
SYN-0285,"Students recovering from traumatic events need consistent therapeutic support throughout the school year, rather than a single visit from a temporary counselor.",2026-09-12,7,Student,English,Renter,Community School A,mental_health
SYN-0286,Families need accurate bus arrival notifications because the transport office often announces a cancelled route only after children have already left home.,2026-09-12,20,Parent,English,Owner,Community School C,transportation
SYN-0287,The meeting recording needs accurate captions because automatic transcription repeatedly omits important details and makes it difficult for deaf families to review decisions.,2026-09-02,10,Parent,English,Renter,Community School B,accessibility
SYN-0288,"Will the district publish a response log showing each recurring public question, the department handling it, and the date an answer is expected?",2026-09-07,8,Parent,Polish,Renter,Community School B,communication
SYN-0289,"Science lessons cannot include experiments when the classroom has no working equipment, and replacing broken laboratory supplies should be a budget priority.",2026-09-07,10,Resident,English,Owner,Community School D,classroom_resources
SYN-0290,"After attending multiple hearings, I am increasingly concerned. Please provide safety training for staff who supervise arrival and dismissal, including how to respond when a child is separated from their caregiver.",2026-09-12,8,Parent,English,Renter,Community School C,school_safety
SYN-0291,Children experiencing anxiety wait several weeks to see a school counselor because one mental health professional is assigned to too many campuses.,2026-09-07,8,Resident,Polish,Renter,Community School B,mental_health
SYN-0292,"I support reviewing school bus routes, but parents need advance notice and safe replacement stops before any existing transportation service is removed.",2026-09-07,8,Teacher,English,Owner,Community School A,transportation
SYN-0293,Residents who speak languages other than English need qualified interpreters and translated hearing documents before they can respond to the proposed changes.,2026-09-02,7,Resident,English,Renter,Community School C,accessibility
SYN-0294,The public summary says residents supported the proposal but does not explain which concerns were raised or how those comments changed the final decision.,2026-09-07,6,Parent,English,Owner,Community School A,communication
SYN-0295,"Our classroom has thirty five children sharing twenty textbooks, so several pupils cannot take a reading book home to practice their lessons. Contact Morgan Parker at sample.person295@example.org or 312-555-1295.",2026-09-07,6,Student,English,Renter,Community School A,classroom_resources
SYN-0296,"After attending multiple hearings, I am increasingly concerned. Cars speed through the school crossing at dismissal, and trained crossing guards are needed to help children reach the pavement safely every afternoon.",2026-09-12,8,Parent,English,Owner,Community School A,school_safety
SYN-0297,The budget should fund mental health counseling during school holidays because anxiety and emotional crises do not stop when the classroom closes.,2026-09-02,8,Resident,English,Renter,Community School C,mental_health
SYN-0298,Please provide an accessible school bus with working wheelchair restraints so children with mobility needs can travel safely with the other students.,2026-09-07,8,Resident,English,Owner,Community School B,transportation
SYN-0299,"The online comment form cannot be completed with a keyboard, which excludes residents who use assistive technology instead of a computer mouse.",2026-09-07,5,Parent,English,Renter,Community School A,accessibility
SYN-0300,People who cannot attend an evening hearing need a recording and written minutes so they can understand the discussion and submit informed follow up comments.,2026-09-02,20,Resident,Mandarin,Renter,Community School C,communication
SYN-0301,"Our classroom has thirty five children sharing twenty textbooks, so several pupils cannot take a reading book home to practice their lessons.",2026-09-02,20,Student,English,Renter,Community School D,classroom_resources
SYN-0302,"Cars speed through the school crossing at dismissal, and trained crossing guards are needed to help children reach the pavement safely every afternoon.",2026-09-02,5,Community organizer,English,Owner,Community School A,school_safety
SYN-0303,Our school needs a full time social worker who can support students dealing with grief and help families find appropriate mental health care.,2026-09-02,10,Student,English,Renter,Community School C,mental_health
SYN-0304,Families need accurate bus arrival notifications because the transport office often announces a cancelled route only after children have already left home. Contact Avery Lane at sample.person304@example.org or 312-555-1304.,2026-09-12,7,Community organizer,English,Renter,Community School D,transportation
SYN-0305,"I appreciate the new accessible entrance, but the hearing room also needs space for wheelchairs and a working sound system for people with hearing loss.",2026-09-07,20,Parent,Spanish,Renter,Community School A,accessibility
SYN-0306,The public summary says residents supported the proposal but does not explain which concerns were raised or how those comments changed the final decision.,2026-09-07,8,Parent,Mandarin,Other,Community School D,communication
SYN-0307,Will the district publish a classroom staffing plan showing how many teachers and teaching assistants will be available for each grade next year?,2026-09-07,8,Parent,English,Renter,Community School D,classroom_resources
SYN-0308,"There have been repeated fights outside the school entrance, and supervised dismissal with trained adults could reduce the risk of injuries to students.",2026-09-12,8,Parent,Spanish,Owner,Community School B,school_safety
SYN-0309,Please preserve confidential counseling appointments so that young people can discuss depression with a qualified clinician without feeling judged by their classmates.,2026-09-12,20,Parent,English,Renter,Community School A,mental_health
SYN-0310,The journey to school now takes more than an hour because the bus route crosses several neighborhoods before reaching its final destination.,2026-09-07,8,Parent,English,Renter,Community School A,transportation
SYN-0311,"After attending multiple hearings, I am increasingly concerned. The hearing room entrance has steps and no usable ramp, preventing wheelchair users from entering independently to give their public comments.",2026-09-12,8,Teacher,English,Renter,Community School A,accessibility
SYN-0312,"Will the district publish a response log showing each recurring public question, the department handling it, and the date an answer is expected?",2026-09-02,6,Parent,English,Renter,Community School C,communication
SYN-0313,Please protect teaching positions and reduce oversized classes so that each child receives individual help with reading and mathematics during the school day.,2026-09-12,10,Resident,Spanish,Renter,Community School C,classroom_resources
SYN-0314,Families need a clear emergency evacuation procedure explaining where children will assemble and how school staff will contact parents after an incident.,2026-09-07,6,Teacher,Spanish,Renter,Community School B,school_safety
SYN-0315,"I welcome the proposed counseling service, but students need a private room and a reliable appointment system before they will feel comfortable seeking help.",2026-09-12,10,Resident,English,Renter,Community School D,mental_health
SYN-0316,"Bus driver shortages have forced families to arrange expensive alternative transport, and the district should explain how it will recruit and retain drivers.",2026-09-07,7,Teacher,English,Renter,Community School D,transportation
SYN-0317,"After attending multiple hearings, I am increasingly concerned. The meeting recording needs accurate captions because automatic transcription repeatedly omits important details and makes it difficult for deaf families to review decisions.",2026-09-12,8,Student,English,Owner,Community School B,accessibility
SYN-0318,"I welcome the new public newsletter, but it should clearly distinguish confirmed decisions from proposals that are still open for community discussion. I live at 418 Community Avenue, Apt 19C.",2026-09-02,7,Parent,English,Renter,Community School D,communication
SYN-0319,"Will the district publish a classroom staffing plan showing how many teachers and teaching assistants will be available for each grade next year? I live at 419 Civic Way, Apt 20C.",2026-09-02,7,Resident,English,Renter,Community School C,classroom_resources
SYN-0320,"Cars speed through the school crossing at dismissal, and trained crossing guards are needed to help children reach the pavement safely every afternoon.",2026-09-12,5,Resident,English,Owner,Community School C,school_safety
SYN-0321,How many licensed psychologists will the district hire to reduce the waiting list for student mental health assessments and ongoing individual therapy?,2026-09-02,8,Parent,English,Owner,Community School D,mental_health
SYN-0322,"Please provide an accessible school bus with working wheelchair restraints so children with mobility needs can travel safely with the other students. I live at 422 Learning Street, Apt 23C.",2026-09-02,6,Parent,English,Other,Community School D,transportation
SYN-0323,The meeting recording needs accurate captions because automatic transcription repeatedly omits important details and makes it difficult for deaf families to review decisions.,2026-09-02,20,Resident,English,Owner,Community School D,accessibility
SYN-0324,"After attending multiple hearings, I am increasingly concerned. I welcome the new public newsletter, but it should clearly distinguish confirmed decisions from proposals that are still open for community discussion.",2026-09-12,10,Parent,English,Owner,Community School B,communication
SYN-0325,Will the district publish a classroom staffing plan showing how many teachers and teaching assistants will be available for each grade next year?,2026-09-07,10,Student,English,Renter,Community School D,classroom_resources
SYN-0326,"I support a safer visitor check in process, but security measures should not make children feel threatened when they enter their school each morning.",2026-09-07,7,Resident,English,Renter,Community School C,school_safety
SYN-0327,Our school needs a full time social worker who can support students dealing with grief and help families find appropriate mental health care.,2026-09-07,6,Resident,English,Other,Community School B,mental_health
SYN-0328,"After attending multiple hearings, I am increasingly concerned. The journey to school now takes more than an hour because the bus route crosses several neighborhoods before reaching its final destination. Contact Morgan Quinn at sample.person328@example.org or 312-555-1328.",2026-09-12,10,Student,English,Renter,Community School C,transportation
SYN-0329,"The online comment form cannot be completed with a keyboard, which excludes residents who use assistive technology instead of a computer mouse.",2026-09-02,7,Parent,Mandarin,Other,Community School C,accessibility
SYN-0330,Please publish meeting dates and decision deadlines in a single public calendar so residents do not have to search several different district websites.,2026-09-02,7,Parent,English,Renter,Community School B,communication
SYN-0331,The school library needs current books at several reading levels because the same worn classroom texts do not meet every student learning need.,2026-09-07,8,Parent,English,Renter,Community School B,classroom_resources
SYN-0332,"After attending multiple hearings, I am increasingly concerned. Families need a clear emergency evacuation procedure explaining where children will assemble and how school staff will contact parents after an incident. I live at 432 Civic Way, Apt 3B.",2026-09-12,8,Parent,English,Owner,Community School D,school_safety
SYN-0333,"How many licensed psychologists will the district hire to reduce the waiting list for student mental health assessments and ongoing individual therapy? I live at 433 Civic Way, Apt 4A.",2026-09-02,8,Parent,English,Renter,Community School A,mental_health
SYN-0334,"Our school bus arrives late several mornings each week, leaving children at the stop and causing them to miss breakfast and their first lesson.",2026-09-07,8,Parent,English,Renter,Community School B,transportation
SYN-0335,"The online comment form cannot be completed with a keyboard, which excludes residents who use assistive technology instead of a computer mouse.",2026-09-02,10,Resident,English,Renter,Community School C,accessibility
SYN-0336,"After attending multiple hearings, I am increasingly concerned. People who cannot attend an evening hearing need a recording and written minutes so they can understand the discussion and submit informed follow up comments.",2026-09-12,6,Resident,English,Renter,Community School D,communication
SYN-0337,"Our classroom has thirty five children sharing twenty textbooks, so several pupils cannot take a reading book home to practice their lessons.",2026-09-02,8,Community organizer,English,Renter,Community School C,classroom_resources
SYN-0338,"Will the school publish the results of its building safety inspection and explain when broken locks and unsafe playground equipment will be repaired? I live at 438 Community Avenue, Apt 9C.",2026-09-02,20,Student,English,Renter,Community School C,school_safety
SYN-0339,"I welcome the proposed counseling service, but students need a private room and a reliable appointment system before they will feel comfortable seeking help.",2026-09-02,8,Teacher,English,Renter,Community School D,mental_health
SYN-0340,The journey to school now takes more than an hour because the bus route crosses several neighborhoods before reaching its final destination.,2026-09-12,7,Resident,English,Renter,Community School B,transportation
SYN-0341,"After attending multiple hearings, I am increasingly concerned. Will the district publish an accessibility contact and a simple way to request disability accommodations before each public hearing takes place?",2026-09-12,8,Parent,Spanish,Owner,Community School B,accessibility
SYN-0342,"Questions submitted at the previous hearing have received no written response, and the district should identify who is responsible for answering them.",2026-09-02,7,Resident,English,Other,Community School D,communication
SYN-0343,Students who need extra practice are losing after school tutoring hours while their teachers are already responsible for more children than they can support.,2026-09-02,10,Parent,English,Renter,Community School C,classroom_resources
SYN-0344,Families need a clear emergency evacuation procedure explaining where children will assemble and how school staff will contact parents after an incident. Contact Taylor Reed at sample.person344@example.org or 312-555-1344.,2026-09-07,6,Community organizer,English,Owner,Community School B,school_safety
SYN-0345,Children experiencing anxiety wait several weeks to see a school counselor because one mental health professional is assigned to too many campuses.,2026-09-07,8,Community organizer,Spanish,Renter,Community School C,mental_health
SYN-0346,The journey to school now takes more than an hour because the bus route crosses several neighborhoods before reaching its final destination.,2026-09-02,6,Parent,English,Owner,Community School B,transportation
SYN-0347,"After attending multiple hearings, I am increasingly concerned. The online comment form cannot be completed with a keyboard, which excludes residents who use assistive technology instead of a computer mouse.",2026-09-12,8,Student,English,Renter,Community School B,accessibility
SYN-0348,"After attending multiple hearings, I am increasingly concerned. Regular progress updates should explain what has changed since the last meeting and provide direct links to the supporting reports and budget documents.",2026-09-12,10,Student,English,Renter,Community School A,communication
SYN-0349,The school library needs current books at several reading levels because the same worn classroom texts do not meet every student learning need.,2026-09-02,5,Parent,Polish,Renter,Community School B,classroom_resources
SYN-0350,"Broken lights near the school playground make the walking route unsafe after evening activities, and the district should repair them before winter.",2026-09-02,5,Parent,Spanish,Renter,Community School B,school_safety
SYN-0351,"How many licensed psychologists will the district hire to reduce the waiting list for student mental health assessments and ongoing individual therapy? I live at 451 Civic Way, Apt 22B.",2026-09-12,10,Teacher,Spanish,Owner,Community School C,mental_health
SYN-0352,"After school clubs are inaccessible to children whose only bus leaves immediately after lessons, so an additional late route would improve participation.",2026-09-02,7,Parent,English,Renter,Community School B,transportation
SYN-0353,Residents who speak languages other than English need qualified interpreters and translated hearing documents before they can respond to the proposed changes.,2026-09-07,20,Parent,English,Owner,Community School C,accessibility
SYN-0354,People who cannot attend an evening hearing need a recording and written minutes so they can understand the discussion and submit informed follow up comments.,2026-09-07,10,Resident,Polish,Renter,Community School C,communication
SYN-0355,"Our classroom has thirty five children sharing twenty textbooks, so several pupils cannot take a reading book home to practice their lessons.",2026-09-12,8,Parent,English,Owner,Community School B,classroom_resources
SYN-0356,"Please provide safety training for staff who supervise arrival and dismissal, including how to respond when a child is separated from their caregiver.",2026-09-07,8,Parent,English,Renter,Community School C,school_safety
SYN-0357,"After attending multiple hearings, I am increasingly concerned. The budget should fund mental health counseling during school holidays because anxiety and emotional crises do not stop when the classroom closes.",2026-09-12,10,Parent,English,Renter,Community School C,mental_health
SYN-0358,Will the transportation department publish missed pickup records and on time arrival figures for every school bus route so families can track reliability?,2026-09-12,10,Parent,English,Renter,Community School A,transportation
SYN-0359,Please provide live captions and sign language interpretation during public meetings so deaf residents can follow the discussion and participate on equal terms.,2026-09-07,10,Parent,English,Renter,Community School B,accessibility
SYN-0360,"I welcome the new public newsletter, but it should clearly distinguish confirmed decisions from proposals that are still open for community discussion.",2026-09-07,7,Parent,English,Renter,Community School C,communication
SYN-0361,Will the district publish a classroom staffing plan showing how many teachers and teaching assistants will be available for each grade next year?,2026-09-02,8,Parent,English,Renter,Community School A,classroom_resources
SYN-0362,Families need a clear emergency evacuation procedure explaining where children will assemble and how school staff will contact parents after an incident.,2026-09-07,8,Parent,English,Renter,Community School A,school_safety
SYN-0363,Our school needs a full time social worker who can support students dealing with grief and help families find appropriate mental health care.,2026-09-02,10,Teacher,English,Renter,Community School B,mental_health
SYN-0364,The journey to school now takes more than an hour because the bus route crosses several neighborhoods before reaching its final destination.,2026-09-02,6,Resident,English,Renter,Community School D,transportation
SYN-0365,"I appreciate the new accessible entrance, but the hearing room also needs space for wheelchairs and a working sound system for people with hearing loss. I live at 465 Community Avenue, Apt 6B.",2026-09-07,10,Parent,English,Renter,Community School B,accessibility
SYN-0366,"After attending multiple hearings, I am increasingly concerned. People who cannot attend an evening hearing need a recording and written minutes so they can understand the discussion and submit informed follow up comments.",2026-09-12,8,Parent,Polish,Renter,Community School A,communication
SYN-0367,"Science lessons cannot include experiments when the classroom has no working equipment, and replacing broken laboratory supplies should be a budget priority.",2026-09-07,10,Resident,English,Renter,Community School B,classroom_resources
SYN-0368,"Broken lights near the school playground make the walking route unsafe after evening activities, and the district should repair them before winter.",2026-09-07,6,Resident,English,Renter,Community School C,school_safety
SYN-0369,Our school needs a full time social worker who can support students dealing with grief and help families find appropriate mental health care.,2026-09-07,10,Teacher,English,Owner,Community School C,mental_health
SYN-0370,Will the transportation department publish missed pickup records and on time arrival figures for every school bus route so families can track reliability?,2026-09-07,10,Community organizer,English,Renter,Community School A,transportation
SYN-0371,Will the district publish an accessibility contact and a simple way to request disability accommodations before each public hearing takes place?,2026-09-02,20,Parent,Spanish,Renter,Community School A,accessibility
SYN-0372,Please publish meeting dates and decision deadlines in a single public calendar so residents do not have to search several different district websites.,2026-09-07,7,Teacher,English,Renter,Community School C,communication
SYN-0373,"After attending multiple hearings, I am increasingly concerned. Will the district publish a classroom staffing plan showing how many teachers and teaching assistants will be available for each grade next year?",2026-09-12,8,Parent,Spanish,Renter,Community School C,classroom_resources
SYN-0374,Will the school publish the results of its building safety inspection and explain when broken locks and unsafe playground equipment will be repaired?,2026-09-12,10,Teacher,Spanish,Owner,Community School D,school_safety
SYN-0375,"Students recovering from traumatic events need consistent therapeutic support throughout the school year, rather than a single visit from a temporary counselor.",2026-09-02,7,Resident,English,Renter,Community School C,mental_health
SYN-0376,"Our school bus arrives late several mornings each week, leaving children at the stop and causing them to miss breakfast and their first lesson.",2026-09-02,8,Parent,English,Renter,Community School B,transportation
SYN-0377,Will the district publish an accessibility contact and a simple way to request disability accommodations before each public hearing takes place?,2026-09-02,5,Parent,English,Other,Community School A,accessibility
SYN-0378,"Families received the hearing notice only one day before the meeting, leaving too little time to read the proposal and prepare meaningful questions.",2026-09-07,10,Parent,English,Renter,Community School A,communication
SYN-0379,The school library needs current books at several reading levels because the same worn classroom texts do not meet every student learning need.,2026-09-07,8,Parent,English,Renter,Community School B,classroom_resources
SYN-0380,"The entrance gate is routinely left open during lessons, so visitors can walk onto school grounds without checking in with the security team.",2026-09-07,20,Teacher,English,Renter,Community School C,school_safety
SYN-0381,"Students recovering from traumatic events need consistent therapeutic support throughout the school year, rather than a single visit from a temporary counselor.",2026-09-07,10,Parent,English,Renter,Community School C,mental_health
SYN-0382,Families need accurate bus arrival notifications because the transport office often announces a cancelled route only after children have already left home.,2026-09-07,7,Parent,English,Renter,Community School D,transportation
SYN-0383,"After attending multiple hearings, I am increasingly concerned. The hearing room entrance has steps and no usable ramp, preventing wheelchair users from entering independently to give their public comments.",2026-09-12,10,Parent,English,Renter,Community School A,accessibility
SYN-0384,Please publish meeting dates and decision deadlines in a single public calendar so residents do not have to search several different district websites.,2026-09-07,8,Parent,English,Renter,Community School A,communication
SYN-0385,"After attending multiple hearings, I am increasingly concerned. Science lessons cannot include experiments when the classroom has no working equipment, and replacing broken laboratory supplies should be a budget priority.",2026-09-12,10,Parent,English,Owner,Community School C,classroom_resources
SYN-0386,"After attending multiple hearings, I am increasingly concerned. Broken lights near the school playground make the walking route unsafe after evening activities, and the district should repair them before winter.",2026-09-12,20,Resident,English,Renter,Community School A,school_safety
SYN-0387,Children experiencing anxiety wait several weeks to see a school counselor because one mental health professional is assigned to too many campuses.,2026-09-07,6,Teacher,English,Other,Community School C,mental_health
SYN-0388,Will the transportation department publish missed pickup records and on time arrival figures for every school bus route so families can track reliability?,2026-09-07,8,Parent,English,Renter,Community School C,transportation
SYN-0389,Will the district publish an accessibility contact and a simple way to request disability accommodations before each public hearing takes place?,2026-09-07,6,Parent,English,Renter,Community School A,accessibility
SYN-0390,"After attending multiple hearings, I am increasingly concerned. The public summary says residents supported the proposal but does not explain which concerns were raised or how those comments changed the final decision.",2026-09-12,8,Parent,English,Renter,Community School A,communication
SYN-0391,The school library needs current books at several reading levels because the same worn classroom texts do not meet every student learning need.,2026-09-07,7,Teacher,English,Renter,Community School C,classroom_resources
SYN-0392,Families need a clear emergency evacuation procedure explaining where children will assemble and how school staff will contact parents after an incident. Contact Jordan Brooks at sample.person392@example.org or 312-555-1392.,2026-09-02,20,Parent,English,Other,Community School C,school_safety
SYN-0393,"I welcome the proposed counseling service, but students need a private room and a reliable appointment system before they will feel comfortable seeking help.",2026-09-12,10,Resident,English,Owner,Community School C,mental_health
SYN-0394,The journey to school now takes more than an hour because the bus route crosses several neighborhoods before reaching its final destination.,2026-09-12,10,Parent,English,Owner,Community School A,transportation
SYN-0395,"After attending multiple hearings, I am increasingly concerned. The hearing room entrance has steps and no usable ramp, preventing wheelchair users from entering independently to give their public comments. I live at 495 Community Avenue, Apt 6B.",2026-09-12,5,Teacher,English,Renter,Community School B,accessibility
SYN-0396,Please publish meeting dates and decision deadlines in a single public calendar so residents do not have to search several different district websites.,2026-09-07,7,Teacher,English,Owner,Community School D,communication
SYN-0397,Students who need extra practice are losing after school tutoring hours while their teachers are already responsible for more children than they can support.,2026-09-02,5,Parent,English,Renter,Community School C,classroom_resources
SYN-0398,"There have been repeated fights outside the school entrance, and supervised dismissal with trained adults could reduce the risk of injuries to students.",2026-09-02,7,Parent,English,Owner,Community School D,school_safety
SYN-0399,"Students recovering from traumatic events need consistent therapeutic support throughout the school year, rather than a single visit from a temporary counselor.",2026-09-02,7,Parent,English,Owner,Community School A,mental_health
SYN-0400,Please provide an accessible school bus with working wheelchair restraints so children with mobility needs can travel safely with the other students.,2026-09-02,20,Resident,English,Renter,Community School C,transportation
SYN-0401,"Please provide live captions and sign language interpretation during public meetings so deaf residents can follow the discussion and participate on equal terms. I live at 501 Civic Way, Apt 12B.",2026-09-07,8,Student,English,Renter,Community School D,accessibility
SYN-0402,The public summary says residents supported the proposal but does not explain which concerns were raised or how those comments changed the final decision.,2026-09-07,10,Parent,English,Renter,Community School A,communication
SYN-0403,"Our classroom has thirty five children sharing twenty textbooks, so several pupils cannot take a reading book home to practice their lessons.",2026-09-02,7,Parent,English,Renter,Community School D,classroom_resources
SYN-0404,"Please provide safety training for staff who supervise arrival and dismissal, including how to respond when a child is separated from their caregiver.",2026-09-07,5,Parent,English,Other,Community School D,school_safety
SYN-0405,"After attending multiple hearings, I am increasingly concerned. Please preserve confidential counseling appointments so that young people can discuss depression with a qualified clinician without feeling judged by their classmates.",2026-09-12,7,Student,English,Owner,Community School C,mental_health
SYN-0406,"After school clubs are inaccessible to children whose only bus leaves immediately after lessons, so an additional late route would improve participation.",2026-09-02,10,Student,English,Other,Community School A,transportation
SYN-0407,The meeting recording needs accurate captions because automatic transcription repeatedly omits important details and makes it difficult for deaf families to review decisions.,2026-09-07,20,Teacher,English,Renter,Community School C,accessibility
SYN-0408,"Will the district publish a response log showing each recurring public question, the department handling it, and the date an answer is expected?",2026-09-02,5,Resident,English,Renter,Community School D,communication
SYN-0409,Teachers are buying pencils and exercise books with their own money because the classroom supply budget runs out before the winter term.,2026-09-07,6,Student,Spanish,Renter,Community School A,classroom_resources
SYN-0410,"After attending multiple hearings, I am increasingly concerned. There have been repeated fights outside the school entrance, and supervised dismissal with trained adults could reduce the risk of injuries to students.",2026-09-12,6,Resident,English,Renter,Community School D,school_safety
SYN-0411,Teachers need training to recognize signs of emotional distress and refer students to mental health specialists instead of treating every crisis as misconduct.,2026-09-07,10,Parent,English,Owner,Community School B,mental_health
SYN-0412,"After attending multiple hearings, I am increasingly concerned. Please provide an accessible school bus with working wheelchair restraints so children with mobility needs can travel safely with the other students.",2026-09-12,7,Parent,Spanish,Renter,Community School C,transportation
SYN-0413,Residents who speak languages other than English need qualified interpreters and translated hearing documents before they can respond to the proposed changes.,2026-09-02,8,Parent,English,Renter,Community School D,accessibility
SYN-0414,"Questions submitted at the previous hearing have received no written response, and the district should identify who is responsible for answering them.",2026-09-07,7,Teacher,English,Renter,Community School C,communication
SYN-0415,Please protect teaching positions and reduce oversized classes so that each child receives individual help with reading and mathematics during the school day.,2026-09-07,8,Resident,English,Renter,Community School D,classroom_resources
SYN-0416,"Please provide safety training for staff who supervise arrival and dismissal, including how to respond when a child is separated from their caregiver.",2026-09-02,8,Community organizer,English,Owner,Community School B,school_safety
SYN-0417,"After attending multiple hearings, I am increasingly concerned. Teachers need training to recognize signs of emotional distress and refer students to mental health specialists instead of treating every crisis as misconduct.",2026-09-12,8,Community organizer,English,Renter,Community School B,mental_health
SYN-0418,"After attending multiple hearings, I am increasingly concerned. I support reviewing school bus routes, but parents need advance notice and safe replacement stops before any existing transportation service is removed.",2026-09-12,10,Parent,English,Renter,Community School C,transportation
SYN-0419,"After attending multiple hearings, I am increasingly concerned. Residents who speak languages other than English need qualified interpreters and translated hearing documents before they can respond to the proposed changes.",2026-09-12,8,Resident,English,Owner,Community School C,accessibility
SYN-0420,People who cannot attend an evening hearing need a recording and written minutes so they can understand the discussion and submit informed follow up comments.,2026-09-02,10,Parent,English,Renter,Community School C,communication
SYN-0421,"After attending multiple hearings, I am increasingly concerned. The school library needs current books at several reading levels because the same worn classroom texts do not meet every student learning need.",2026-09-12,10,Resident,English,Owner,Community School D,classroom_resources
SYN-0422,"Please provide safety training for staff who supervise arrival and dismissal, including how to respond when a child is separated from their caregiver.",2026-09-12,10,Parent,Spanish,Owner,Community School B,school_safety
SYN-0423,"I welcome the proposed counseling service, but students need a private room and a reliable appointment system before they will feel comfortable seeking help.",2026-09-02,20,Parent,Spanish,Renter,Community School A,mental_health
SYN-0424,"After school clubs are inaccessible to children whose only bus leaves immediately after lessons, so an additional late route would improve participation. I live at 524 Civic Way, Apt 5A.",2026-09-07,10,Parent,English,Owner,Community School A,transportation
SYN-0425,Please provide live captions and sign language interpretation during public meetings so deaf residents can follow the discussion and participate on equal terms.,2026-09-07,8,Parent,English,Owner,Community School C,accessibility
SYN-0426,"I welcome the new public newsletter, but it should clearly distinguish confirmed decisions from proposals that are still open for community discussion.",2026-09-02,20,Parent,English,Owner,Community School C,communication
SYN-0427,I support spending more of the education budget on textbooks and teaching staff rather than asking families to pay for essential classroom supplies.,2026-09-07,10,Teacher,English,Renter,Community School D,classroom_resources
SYN-0428,"After attending multiple hearings, I am increasingly concerned. Families need a clear emergency evacuation procedure explaining where children will assemble and how school staff will contact parents after an incident.",2026-09-12,5,Parent,Polish,Renter,Community School B,school_safety
SYN-0429,Please preserve confidential counseling appointments so that young people can discuss depression with a qualified clinician without feeling judged by their classmates.,2026-09-02,8,Parent,English,Owner,Community School D,mental_health
SYN-0430,Will the transportation department publish missed pickup records and on time arrival figures for every school bus route so families can track reliability?,2026-09-02,10,Resident,Spanish,Other,Community School A,transportation
SYN-0431,"The hearing room entrance has steps and no usable ramp, preventing wheelchair users from entering independently to give their public comments.",2026-09-12,8,Community organizer,English,Owner,Community School D,accessibility
SYN-0432,The public summary says residents supported the proposal but does not explain which concerns were raised or how those comments changed the final decision.,2026-09-07,8,Student,English,Owner,Community School C,communication
SYN-0433,"Will the district publish a classroom staffing plan showing how many teachers and teaching assistants will be available for each grade next year? I live at 533 Public Square Road, Apt 14C.",2026-09-07,10,Community organizer,English,Renter,Community School A,classroom_resources
SYN-0434,"Please provide safety training for staff who supervise arrival and dismissal, including how to respond when a child is separated from their caregiver.",2026-09-07,8,Resident,English,Owner,Community School A,school_safety
SYN-0435,"I welcome the proposed counseling service, but students need a private room and a reliable appointment system before they will feel comfortable seeking help.",2026-09-07,8,Parent,Polish,Owner,Community School D,mental_health
SYN-0436,"Families need accurate bus arrival notifications because the transport office often announces a cancelled route only after children have already left home. I live at 536 Civic Way, Apt 17A.",2026-09-12,8,Parent,English,Renter,Community School B,transportation
SYN-0437,"The hearing room entrance has steps and no usable ramp, preventing wheelchair users from entering independently to give their public comments.",2026-09-02,7,Parent,English,Owner,Community School D,accessibility
SYN-0438,"Families received the hearing notice only one day before the meeting, leaving too little time to read the proposal and prepare meaningful questions.",2026-09-02,7,Resident,Spanish,Owner,Community School C,communication
SYN-0439,"Our classroom has thirty five children sharing twenty textbooks, so several pupils cannot take a reading book home to practice their lessons.",2026-09-07,10,Student,English,Renter,Community School D,classroom_resources
SYN-0440,"After attending multiple hearings, I am increasingly concerned. Families need a clear emergency evacuation procedure explaining where children will assemble and how school staff will contact parents after an incident.",2026-09-12,6,Resident,Spanish,Renter,Community School A,school_safety
SYN-0441,"Children experiencing anxiety wait several weeks to see a school counselor because one mental health professional is assigned to too many campuses. I live at 541 Public Square Road, Apt 22C.",2026-09-07,6,Resident,English,Owner,Community School D,mental_health
SYN-0442,"Our school bus arrives late several mornings each week, leaving children at the stop and causing them to miss breakfast and their first lesson.",2026-09-02,5,Parent,English,Renter,Community School A,transportation
SYN-0443,"After attending multiple hearings, I am increasingly concerned. Residents who speak languages other than English need qualified interpreters and translated hearing documents before they can respond to the proposed changes.",2026-09-12,6,Teacher,English,Owner,Community School D,accessibility
SYN-0444,"Families received the hearing notice only one day before the meeting, leaving too little time to read the proposal and prepare meaningful questions. I live at 544 Civic Way, Apt 25C.",2026-09-02,8,Resident,English,Owner,Community School C,communication
SYN-0445,Will the district publish a classroom staffing plan showing how many teachers and teaching assistants will be available for each grade next year?,2026-09-02,10,Resident,English,Renter,Community School D,classroom_resources
SYN-0446,Will the school publish the results of its building safety inspection and explain when broken locks and unsafe playground equipment will be repaired?,2026-09-12,7,Teacher,English,Renter,Community School D,school_safety
SYN-0447,Children experiencing anxiety wait several weeks to see a school counselor because one mental health professional is assigned to too many campuses.,2026-09-12,6,Parent,English,Owner,Community School C,mental_health
SYN-0448,"I support reviewing school bus routes, but parents need advance notice and safe replacement stops before any existing transportation service is removed.",2026-09-02,5,Resident,English,Renter,Community School C,transportation
SYN-0449,"After attending multiple hearings, I am increasingly concerned. Residents who speak languages other than English need qualified interpreters and translated hearing documents before they can respond to the proposed changes. I live at 549 Community Avenue, Apt 30A.",2026-09-12,10,Teacher,English,Renter,Community School C,accessibility
SYN-0450,"Will the district publish a response log showing each recurring public question, the department handling it, and the date an answer is expected?",2026-09-12,20,Parent,English,Renter,Community School D,communication
SYN-0451,"After attending multiple hearings, I am increasingly concerned. Our classroom has thirty five children sharing twenty textbooks, so several pupils cannot take a reading book home to practice their lessons.",2026-09-12,6,Resident,Spanish,Renter,Community School D,classroom_resources
SYN-0452,"Broken lights near the school playground make the walking route unsafe after evening activities, and the district should repair them before winter.",2026-09-12,8,Parent,English,Owner,Community School B,school_safety
SYN-0453,The budget should fund mental health counseling during school holidays because anxiety and emotional crises do not stop when the classroom closes.,2026-09-02,7,Resident,English,Other,Community School C,mental_health
SYN-0454,"Bus driver shortages have forced families to arrange expensive alternative transport, and the district should explain how it will recruit and retain drivers.",2026-09-12,5,Resident,English,Other,Community School A,transportation
SYN-0455,"After attending multiple hearings, I am increasingly concerned. Residents who speak languages other than English need qualified interpreters and translated hearing documents before they can respond to the proposed changes.",2026-09-12,10,Parent,English,Renter,Community School D,accessibility
SYN-0456,Please publish meeting dates and decision deadlines in a single public calendar so residents do not have to search several different district websites. Contact Jordan Quinn at sample.person456@example.org or 312-555-1456.,2026-09-02,5,Parent,Polish,Renter,Community School C,communication
SYN-0457,Will the district publish a classroom staffing plan showing how many teachers and teaching assistants will be available for each grade next year?,2026-09-12,7,Student,English,Renter,Community School C,classroom_resources
SYN-0458,"The entrance gate is routinely left open during lessons, so visitors can walk onto school grounds without checking in with the security team.",2026-09-07,10,Student,English,Renter,Community School C,school_safety
SYN-0459,Teachers need training to recognize signs of emotional distress and refer students to mental health specialists instead of treating every crisis as misconduct.,2026-09-07,10,Parent,English,Owner,Community School B,mental_health
SYN-0460,Please provide an accessible school bus with working wheelchair restraints so children with mobility needs can travel safely with the other students.,2026-09-12,8,Parent,English,Renter,Community School A,transportation
SYN-0461,"I appreciate the new accessible entrance, but the hearing room also needs space for wheelchairs and a working sound system for people with hearing loss.",2026-09-02,20,Parent,English,Renter,Community School C,accessibility
SYN-0462,"Will the district publish a response log showing each recurring public question, the department handling it, and the date an answer is expected?",2026-09-07,10,Teacher,English,Other,Community School A,communication
SYN-0463,Teachers are buying pencils and exercise books with their own money because the classroom supply budget runs out before the winter term.,2026-09-02,10,Parent,Spanish,Renter,Community School D,classroom_resources
SYN-0464,"The entrance gate is routinely left open during lessons, so visitors can walk onto school grounds without checking in with the security team.",2026-09-07,8,Teacher,English,Renter,Community School B,school_safety
SYN-0465,"I welcome the proposed counseling service, but students need a private room and a reliable appointment system before they will feel comfortable seeking help.",2026-09-02,8,Resident,English,Renter,Community School D,mental_health
SYN-0466,"Our school bus arrives late several mornings each week, leaving children at the stop and causing them to miss breakfast and their first lesson.",2026-09-07,20,Parent,English,Renter,Community School B,transportation
SYN-0467,The meeting recording needs accurate captions because automatic transcription repeatedly omits important details and makes it difficult for deaf families to review decisions.,2026-09-02,10,Parent,English,Renter,Community School C,accessibility
SYN-0468,The public summary says residents supported the proposal but does not explain which concerns were raised or how those comments changed the final decision.,2026-09-12,10,Parent,English,Renter,Community School C,communication
SYN-0469,Students who need extra practice are losing after school tutoring hours while their teachers are already responsible for more children than they can support. Contact Avery Parker at sample.person469@example.org or 312-555-1469.,2026-09-12,10,Parent,English,Renter,Community School C,classroom_resources
SYN-0470,Will the school publish the results of its building safety inspection and explain when broken locks and unsafe playground equipment will be repaired?,2026-09-12,8,Parent,English,Renter,Community School B,school_safety
SYN-0471,"I welcome the proposed counseling service, but students need a private room and a reliable appointment system before they will feel comfortable seeking help.",2026-09-07,8,Parent,English,Renter,Community School B,mental_health
SYN-0472,Families need accurate bus arrival notifications because the transport office often announces a cancelled route only after children have already left home.,2026-09-02,7,Parent,English,Renter,Community School A,transportation
SYN-0473,Will the district publish an accessibility contact and a simple way to request disability accommodations before each public hearing takes place?,2026-09-02,10,Parent,Spanish,Renter,Community School D,accessibility
SYN-0474,Please publish meeting dates and decision deadlines in a single public calendar so residents do not have to search several different district websites.,2026-09-07,8,Parent,English,Renter,Community School D,communication
SYN-0475,"Science lessons cannot include experiments when the classroom has no working equipment, and replacing broken laboratory supplies should be a budget priority.",2026-09-07,8,Parent,Polish,Owner,Community School B,classroom_resources
SYN-0476,"After attending multiple hearings, I am increasingly concerned. Will the school publish the results of its building safety inspection and explain when broken locks and unsafe playground equipment will be repaired? Contact Morgan Lane at sample.person476@example.org or 312-555-1476.",2026-09-12,10,Resident,English,Owner,Community School C,school_safety
SYN-0477,"How many licensed psychologists will the district hire to reduce the waiting list for student mental health assessments and ongoing individual therapy? Contact Casey Lane at sample.person477@example.org or 312-555-1477. I live at 577 Learning Street, Apt 28A.",2026-09-12,8,Parent,Spanish,Owner,Community School B,mental_health
SYN-0478,Families need accurate bus arrival notifications because the transport office often announces a cancelled route only after children have already left home.,2026-09-12,8,Resident,English,Renter,Community School A,transportation
SYN-0479,People using screen readers need accessible documents with clear headings and meaningful link labels instead of scanned images of the hearing materials.,2026-09-07,7,Parent,English,Renter,Community School D,accessibility
SYN-0480,"Will the district publish a response log showing each recurring public question, the department handling it, and the date an answer is expected?",2026-09-02,8,Parent,English,Renter,Community School B,communication
SYN-0481,Teachers are buying pencils and exercise books with their own money because the classroom supply budget runs out before the winter term.,2026-09-02,10,Parent,Mandarin,Other,Community School B,classroom_resources
SYN-0482,"There have been repeated fights outside the school entrance, and supervised dismissal with trained adults could reduce the risk of injuries to students.",2026-09-07,7,Resident,English,Owner,Community School D,school_safety
SYN-0483,Teachers need training to recognize signs of emotional distress and refer students to mental health specialists instead of treating every crisis as misconduct.,2026-09-02,8,Resident,English,Owner,Community School A,mental_health
SYN-0484,"After attending multiple hearings, I am increasingly concerned. Bus driver shortages have forced families to arrange expensive alternative transport, and the district should explain how it will recruit and retain drivers.",2026-09-12,8,Community organizer,English,Renter,Community School D,transportation
SYN-0485,The meeting recording needs accurate captions because automatic transcription repeatedly omits important details and makes it difficult for deaf families to review decisions.,2026-09-02,7,Parent,English,Renter,Community School A,accessibility
SYN-0486,"Families received the hearing notice only one day before the meeting, leaving too little time to read the proposal and prepare meaningful questions.",2026-09-02,8,Teacher,English,Renter,Community School A,communication
SYN-0487,The school library needs current books at several reading levels because the same worn classroom texts do not meet every student learning need.,2026-09-02,5,Parent,English,Owner,Community School C,classroom_resources
SYN-0488,"I support a safer visitor check in process, but security measures should not make children feel threatened when they enter their school each morning. Contact Avery Parker at sample.person488@example.org or 312-555-1488.",2026-09-07,5,Parent,English,Renter,Community School A,school_safety
SYN-0489,"After attending multiple hearings, I am increasingly concerned. Please preserve confidential counseling appointments so that young people can discuss depression with a qualified clinician without feeling judged by their classmates.",2026-09-12,8,Parent,English,Renter,Community School A,mental_health
SYN-0490,Families need accurate bus arrival notifications because the transport office often announces a cancelled route only after children have already left home.,2026-09-12,10,Parent,English,Owner,Community School D,transportation
SYN-0491,"Will the district publish an accessibility contact and a simple way to request disability accommodations before each public hearing takes place? I live at 591 Learning Street, Apt 12B.",2026-09-12,7,Teacher,Polish,Renter,Community School C,accessibility
SYN-0492,"I welcome the new public newsletter, but it should clearly distinguish confirmed decisions from proposals that are still open for community discussion.",2026-09-12,10,Community organizer,English,Owner,Community School C,communication
SYN-0493,"After attending multiple hearings, I am increasingly concerned. Teachers are buying pencils and exercise books with their own money because the classroom supply budget runs out before the winter term.",2026-09-12,10,Parent,English,Owner,Community School B,classroom_resources
SYN-0494,"After attending multiple hearings, I am increasingly concerned. Broken lights near the school playground make the walking route unsafe after evening activities, and the district should repair them before winter.",2026-09-12,10,Resident,English,Other,Community School A,school_safety
SYN-0495,Children experiencing anxiety wait several weeks to see a school counselor because one mental health professional is assigned to too many campuses.,2026-09-12,10,Parent,English,Renter,Community School B,mental_health
SYN-0496,"I support reviewing school bus routes, but parents need advance notice and safe replacement stops before any existing transportation service is removed.",2026-09-02,6,Parent,English,Renter,Community School C,transportation
SYN-0497,"After attending multiple hearings, I am increasingly concerned. Will the district publish an accessibility contact and a simple way to request disability accommodations before each public hearing takes place?",2026-09-12,7,Teacher,English,Renter,Community School D,accessibility
SYN-0498,"Will the district publish a response log showing each recurring public question, the department handling it, and the date an answer is expected?",2026-09-02,10,Student,English,Renter,Community School B,communication
SYN-0499,Students who need extra practice are losing after school tutoring hours while their teachers are already responsible for more children than they can support.,2026-09-02,5,Community organizer,English,Renter,Community School B,classroom_resources
SYN-0500,"The entrance gate is routinely left open during lessons, so visitors can walk onto school grounds without checking in with the security team.",2026-09-07,8,Resident,English,Renter,Community School D,school_safety
SYN-0501,Our school needs a full time social worker who can support students dealing with grief and help families find appropriate mental health care.,2026-09-07,6,Parent,English,Renter,Community School A,mental_health
SYN-0502,The journey to school now takes more than an hour because the bus route crosses several neighborhoods before reaching its final destination.,2026-09-12,8,Parent,English,Owner,Community School B,transportation
SYN-0503,"I appreciate the new accessible entrance, but the hearing room also needs space for wheelchairs and a working sound system for people with hearing loss. Contact Taylor Quinn at sample.person503@example.org or 312-555-1503.",2026-09-07,8,Parent,English,Other,Community School D,accessibility
SYN-0504,"After attending multiple hearings, I am increasingly concerned. I welcome the new public newsletter, but it should clearly distinguish confirmed decisions from proposals that are still open for community discussion.",2026-09-12,8,Parent,English,Renter,Community School C,communication
SYN-0505,I support spending more of the education budget on textbooks and teaching staff rather than asking families to pay for essential classroom supplies. Contact Casey Lane at sample.person505@example.org or 312-555-1505.,2026-09-07,7,Resident,Spanish,Renter,Community School A,classroom_resources
SYN-0506,"The entrance gate is routinely left open during lessons, so visitors can walk onto school grounds without checking in with the security team.",2026-09-02,8,Parent,English,Owner,Community School C,school_safety
SYN-0507,"The budget should fund mental health counseling during school holidays because anxiety and emotional crises do not stop when the classroom closes. I live at 607 Civic Way, Apt 28B.",2026-09-07,5,Teacher,Spanish,Renter,Community School C,mental_health
SYN-0508,"After school clubs are inaccessible to children whose only bus leaves immediately after lessons, so an additional late route would improve participation.",2026-09-07,20,Parent,English,Renter,Community School D,transportation
SYN-0509,"Will the district publish an accessibility contact and a simple way to request disability accommodations before each public hearing takes place? I live at 609 Civic Way, Apt 30A.",2026-09-07,8,Parent,English,Renter,Community School C,accessibility
SYN-0510,"After attending multiple hearings, I am increasingly concerned. People who cannot attend an evening hearing need a recording and written minutes so they can understand the discussion and submit informed follow up comments. Contact Morgan Quinn at sample.person510@example.org or 312-555-1510.",2026-09-12,10,Teacher,Spanish,Renter,Community School D,communication
SYN-0511,I support spending more of the education budget on textbooks and teaching staff rather than asking families to pay for essential classroom supplies.,2026-09-12,20,Resident,English,Other,Community School C,classroom_resources
SYN-0512,"I support a safer visitor check in process, but security measures should not make children feel threatened when they enter their school each morning. Contact Casey Quinn at sample.person512@example.org or 312-555-1512.",2026-09-07,8,Parent,Spanish,Owner,Community School C,school_safety
SYN-0513,"Students recovering from traumatic events need consistent therapeutic support throughout the school year, rather than a single visit from a temporary counselor.",2026-09-07,8,Parent,English,Owner,Community School D,mental_health
SYN-0514,"Our school bus arrives late several mornings each week, leaving children at the stop and causing them to miss breakfast and their first lesson.",2026-09-02,10,Resident,English,Renter,Community School D,transportation
SYN-0515,"The online comment form cannot be completed with a keyboard, which excludes residents who use assistive technology instead of a computer mouse. I live at 615 Civic Way, Apt 6C.",2026-09-02,8,Teacher,English,Renter,Community School D,accessibility
SYN-0516,"Will the district publish a response log showing each recurring public question, the department handling it, and the date an answer is expected?",2026-09-07,8,Parent,English,Renter,Community School C,communication
SYN-0517,"After attending multiple hearings, I am increasingly concerned. Teachers are buying pencils and exercise books with their own money because the classroom supply budget runs out before the winter term.",2026-09-12,8,Resident,English,Renter,Community School A,classroom_resources
SYN-0518,"The entrance gate is routinely left open during lessons, so visitors can walk onto school grounds without checking in with the security team.",2026-09-02,10,Resident,English,Renter,Community School B,school_safety
SYN-0519,"After attending multiple hearings, I am increasingly concerned. Students recovering from traumatic events need consistent therapeutic support throughout the school year, rather than a single visit from a temporary counselor.",2026-09-12,7,Community organizer,English,Renter,Community School C,mental_health
SYN-0520,"Our school bus arrives late several mornings each week, leaving children at the stop and causing them to miss breakfast and their first lesson.",2026-09-07,8,Resident,English,Owner,Community School C,transportation
SYN-0521,Will the district publish an accessibility contact and a simple way to request disability accommodations before each public hearing takes place?,2026-09-07,10,Student,English,Renter,Community School C,accessibility
SYN-0522,"I welcome the new public newsletter, but it should clearly distinguish confirmed decisions from proposals that are still open for community discussion.",2026-09-12,8,Parent,English,Renter,Community School D,communication
SYN-0523,Teachers are buying pencils and exercise books with their own money because the classroom supply budget runs out before the winter term.,2026-09-07,10,Resident,Mandarin,Renter,Community School B,classroom_resources
SYN-0524,"After attending multiple hearings, I am increasingly concerned. The entrance gate is routinely left open during lessons, so visitors can walk onto school grounds without checking in with the security team.",2026-09-12,20,Parent,English,Renter,Community School C,school_safety
SYN-0525,How many licensed psychologists will the district hire to reduce the waiting list for student mental health assessments and ongoing individual therapy?,2026-09-07,7,Resident,Mandarin,Owner,Community School C,mental_health
SYN-0526,Please provide an accessible school bus with working wheelchair restraints so children with mobility needs can travel safely with the other students.,2026-09-07,20,Teacher,Spanish,Owner,Community School B,transportation
SYN-0527,"The online comment form cannot be completed with a keyboard, which excludes residents who use assistive technology instead of a computer mouse.",2026-09-12,7,Parent,English,Owner,Community School C,accessibility
SYN-0528,People who cannot attend an evening hearing need a recording and written minutes so they can understand the discussion and submit informed follow up comments.,2026-09-02,20,Resident,English,Renter,Community School A,communication
SYN-0529,"After attending multiple hearings, I am increasingly concerned. Teachers are buying pencils and exercise books with their own money because the classroom supply budget runs out before the winter term.",2026-09-12,10,Parent,English,Owner,Community School C,classroom_resources
SYN-0530,"The entrance gate is routinely left open during lessons, so visitors can walk onto school grounds without checking in with the security team.",2026-09-12,10,Parent,English,Owner,Community School C,school_safety
SYN-0531,"After attending multiple hearings, I am increasingly concerned. I welcome the proposed counseling service, but students need a private room and a reliable appointment system before they will feel comfortable seeking help.",2026-09-12,8,Parent,English,Renter,Community School B,mental_health
SYN-0532,Will the transportation department publish missed pickup records and on time arrival figures for every school bus route so families can track reliability?,2026-09-12,10,Resident,English,Renter,Community School D,transportation
SYN-0533,The meeting recording needs accurate captions because automatic transcription repeatedly omits important details and makes it difficult for deaf families to review decisions.,2026-09-07,8,Student,Spanish,Renter,Community School A,accessibility
SYN-0534,"After attending multiple hearings, I am increasingly concerned. Questions submitted at the previous hearing have received no written response, and the district should identify who is responsible for answering them.",2026-09-12,10,Community organizer,English,Owner,Community School A,communication
SYN-0535,"After attending multiple hearings, I am increasingly concerned. The school library needs current books at several reading levels because the same worn classroom texts do not meet every student learning need.",2026-09-12,10,Teacher,English,Renter,Community School B,classroom_resources
SYN-0536,"After attending multiple hearings, I am increasingly concerned. There have been repeated fights outside the school entrance, and supervised dismissal with trained adults could reduce the risk of injuries to students.",2026-09-12,10,Teacher,English,Owner,Community School A,school_safety
SYN-0537,"I welcome the proposed counseling service, but students need a private room and a reliable appointment system before they will feel comfortable seeking help.",2026-09-07,7,Resident,Spanish,Renter,Community School D,mental_health
SYN-0538,Families need accurate bus arrival notifications because the transport office often announces a cancelled route only after children have already left home.,2026-09-02,20,Parent,Polish,Owner,Community School B,transportation
SYN-0539,"Residents who speak languages other than English need qualified interpreters and translated hearing documents before they can respond to the proposed changes. I live at 639 Learning Street, Apt 30C.",2026-09-07,7,Resident,English,Owner,Community School A,accessibility
SYN-0540,"I welcome the new public newsletter, but it should clearly distinguish confirmed decisions from proposals that are still open for community discussion.",2026-09-07,8,Teacher,English,Renter,Community School D,communication
SYN-0541,Students who need extra practice are losing after school tutoring hours while their teachers are already responsible for more children than they can support.,2026-09-02,10,Teacher,English,Owner,Community School C,classroom_resources
SYN-0542,Families need a clear emergency evacuation procedure explaining where children will assemble and how school staff will contact parents after an incident.,2026-09-02,8,Teacher,Spanish,Owner,Community School D,school_safety
SYN-0543,"I welcome the proposed counseling service, but students need a private room and a reliable appointment system before they will feel comfortable seeking help. I live at 643 Community Avenue, Apt 4B.",2026-09-12,10,Community organizer,English,Owner,Community School B,mental_health
SYN-0544,"I support reviewing school bus routes, but parents need advance notice and safe replacement stops before any existing transportation service is removed.",2026-09-07,8,Parent,English,Renter,Community School D,transportation
SYN-0545,"The online comment form cannot be completed with a keyboard, which excludes residents who use assistive technology instead of a computer mouse.",2026-09-02,6,Teacher,Spanish,Renter,Community School C,accessibility
SYN-0546,"Families received the hearing notice only one day before the meeting, leaving too little time to read the proposal and prepare meaningful questions.",2026-09-12,8,Parent,English,Owner,Community School D,communication
SYN-0547,"After attending multiple hearings, I am increasingly concerned. The school library needs current books at several reading levels because the same worn classroom texts do not meet every student learning need.",2026-09-12,20,Parent,Spanish,Renter,Community School B,classroom_resources
SYN-0548,"There have been repeated fights outside the school entrance, and supervised dismissal with trained adults could reduce the risk of injuries to students.",2026-09-07,20,Parent,English,Owner,Community School A,school_safety
SYN-0549,The budget should fund mental health counseling during school holidays because anxiety and emotional crises do not stop when the classroom closes.,2026-09-12,10,Teacher,English,Renter,Community School B,mental_health
SYN-0550,Please provide an accessible school bus with working wheelchair restraints so children with mobility needs can travel safely with the other students.,2026-09-12,8,Teacher,Spanish,Owner,Community School A,transportation
SYN-0551,Residents who speak languages other than English need qualified interpreters and translated hearing documents before they can respond to the proposed changes.,2026-09-02,8,Community organizer,Mandarin,Owner,Community School C,accessibility
SYN-0552,Please publish meeting dates and decision deadlines in a single public calendar so residents do not have to search several different district websites.,2026-09-12,10,Parent,English,Owner,Community School D,communication
SYN-0553,The school library needs current books at several reading levels because the same worn classroom texts do not meet every student learning need.,2026-09-07,7,Parent,English,Renter,Community School D,classroom_resources
SYN-0554,"I support a safer visitor check in process, but security measures should not make children feel threatened when they enter their school each morning.",2026-09-07,10,Parent,English,Owner,Community School C,school_safety
SYN-0555,"After attending multiple hearings, I am increasingly concerned. Please preserve confidential counseling appointments so that young people can discuss depression with a qualified clinician without feeling judged by their classmates.",2026-09-12,20,Teacher,English,Renter,Community School B,mental_health
SYN-0556,"After school clubs are inaccessible to children whose only bus leaves immediately after lessons, so an additional late route would improve participation.",2026-09-07,8,Parent,English,Renter,Community School B,transportation
SYN-0557,"After attending multiple hearings, I am increasingly concerned. The hearing room entrance has steps and no usable ramp, preventing wheelchair users from entering independently to give their public comments.",2026-09-12,8,Parent,Spanish,Renter,Community School A,accessibility
SYN-0558,"After attending multiple hearings, I am increasingly concerned. Please publish meeting dates and decision deadlines in a single public calendar so residents do not have to search several different district websites.",2026-09-12,6,Parent,English,Renter,Community School C,communication
SYN-0559,The school library needs current books at several reading levels because the same worn classroom texts do not meet every student learning need.,2026-09-12,20,Parent,English,Renter,Community School B,classroom_resources
SYN-0560,Families need a clear emergency evacuation procedure explaining where children will assemble and how school staff will contact parents after an incident.,2026-09-07,6,Resident,English,Renter,Community School A,school_safety
SYN-0561,"I welcome the proposed counseling service, but students need a private room and a reliable appointment system before they will feel comfortable seeking help.",2026-09-12,8,Parent,English,Renter,Community School D,mental_health
SYN-0562,Families need accurate bus arrival notifications because the transport office often announces a cancelled route only after children have already left home. Contact Riley Reed at sample.person562@example.org or 312-555-1562.,2026-09-12,10,Parent,English,Renter,Community School C,transportation
SYN-0563,"Please provide live captions and sign language interpretation during public meetings so deaf residents can follow the discussion and participate on equal terms. I live at 663 Learning Street, Apt 24C.",2026-09-02,10,Parent,English,Renter,Community School B,accessibility
SYN-0564,"Questions submitted at the previous hearing have received no written response, and the district should identify who is responsible for answering them.",2026-09-12,8,Student,Spanish,Other,Community School B,communication
SYN-0565,Teachers are buying pencils and exercise books with their own money because the classroom supply budget runs out before the winter term.,2026-09-02,10,Parent,Spanish,Renter,Community School A,classroom_resources
SYN-0566,"After attending multiple hearings, I am increasingly concerned. There have been repeated fights outside the school entrance, and supervised dismissal with trained adults could reduce the risk of injuries to students.",2026-09-12,5,Parent,English,Renter,Community School D,school_safety
SYN-0567,The budget should fund mental health counseling during school holidays because anxiety and emotional crises do not stop when the classroom closes. Contact Casey Lane at sample.person567@example.org or 312-555-1567.,2026-09-07,10,Teacher,English,Renter,Community School D,mental_health
SYN-0568,"I support reviewing school bus routes, but parents need advance notice and safe replacement stops before any existing transportation service is removed.",2026-09-07,10,Parent,English,Other,Community School A,transportation
SYN-0569,Residents who speak languages other than English need qualified interpreters and translated hearing documents before they can respond to the proposed changes.,2026-09-02,8,Parent,Spanish,Renter,Community School D,accessibility
SYN-0570,People who cannot attend an evening hearing need a recording and written minutes so they can understand the discussion and submit informed follow up comments. Contact Morgan Brooks at sample.person570@example.org or 312-555-1570.,2026-09-07,5,Parent,Polish,Renter,Community School D,communication
SYN-0571,Will the district publish a classroom staffing plan showing how many teachers and teaching assistants will be available for each grade next year?,2026-09-07,10,Parent,English,Renter,Community School B,classroom_resources
SYN-0572,"After attending multiple hearings, I am increasingly concerned. I support a safer visitor check in process, but security measures should not make children feel threatened when they enter their school each morning.",2026-09-12,8,Parent,English,Renter,Community School A,school_safety
SYN-0573,"After attending multiple hearings, I am increasingly concerned. The budget should fund mental health counseling during school holidays because anxiety and emotional crises do not stop when the classroom closes.",2026-09-12,20,Parent,English,Renter,Community School A,mental_health
SYN-0574,"Bus driver shortages have forced families to arrange expensive alternative transport, and the district should explain how it will recruit and retain drivers.",2026-09-12,5,Parent,Mandarin,Renter,Community School B,transportation
SYN-0575,"I appreciate the new accessible entrance, but the hearing room also needs space for wheelchairs and a working sound system for people with hearing loss.",2026-09-07,10,Student,English,Renter,Community School D,accessibility
SYN-0576,"Questions submitted at the previous hearing have received no written response, and the district should identify who is responsible for answering them.",2026-09-02,5,Parent,Mandarin,Renter,Community School B,communication
SYN-0577,"Our classroom has thirty five children sharing twenty textbooks, so several pupils cannot take a reading book home to practice their lessons. I live at 677 Community Avenue, Apt 8B.",2026-09-02,8,Parent,English,Other,Community School B,classroom_resources
SYN-0578,Families need a clear emergency evacuation procedure explaining where children will assemble and how school staff will contact parents after an incident.,2026-09-12,8,Parent,English,Renter,Community School A,school_safety
SYN-0579,"After attending multiple hearings, I am increasingly concerned. Children experiencing anxiety wait several weeks to see a school counselor because one mental health professional is assigned to too many campuses. Contact Morgan Parker at sample.person579@example.org or 312-555-1579.",2026-09-12,5,Student,English,Renter,Community School C,mental_health
SYN-0580,The journey to school now takes more than an hour because the bus route crosses several neighborhoods before reaching its final destination.,2026-09-07,8,Teacher,English,Renter,Community School A,transportation
SYN-0581,Residents who speak languages other than English need qualified interpreters and translated hearing documents before they can respond to the proposed changes.,2026-09-02,10,Parent,Spanish,Renter,Community School B,accessibility
SYN-0582,Please publish meeting dates and decision deadlines in a single public calendar so residents do not have to search several different district websites.,2026-09-07,8,Resident,English,Renter,Community School B,communication
SYN-0583,Teachers are buying pencils and exercise books with their own money because the classroom supply budget runs out before the winter term.,2026-09-02,20,Parent,English,Renter,Community School A,classroom_resources
SYN-0584,"Please provide safety training for staff who supervise arrival and dismissal, including how to respond when a child is separated from their caregiver.",2026-09-12,5,Resident,English,Renter,Community School C,school_safety
SYN-0585,Teachers need training to recognize signs of emotional distress and refer students to mental health specialists instead of treating every crisis as misconduct.,2026-09-12,8,Resident,English,Owner,Community School A,mental_health
SYN-0586,"After school clubs are inaccessible to children whose only bus leaves immediately after lessons, so an additional late route would improve participation.",2026-09-02,5,Resident,English,Renter,Community School B,transportation
SYN-0587,"I appreciate the new accessible entrance, but the hearing room also needs space for wheelchairs and a working sound system for people with hearing loss. I live at 687 Civic Way, Apt 18B.",2026-09-02,8,Resident,Polish,Renter,Community School D,accessibility
SYN-0588,Please publish meeting dates and decision deadlines in a single public calendar so residents do not have to search several different district websites.,2026-09-12,7,Parent,English,Owner,Community School C,communication
SYN-0589,"Our classroom has thirty five children sharing twenty textbooks, so several pupils cannot take a reading book home to practice their lessons.",2026-09-12,8,Parent,English,Renter,Community School C,classroom_resources
SYN-0590,"The entrance gate is routinely left open during lessons, so visitors can walk onto school grounds without checking in with the security team. I live at 690 Community Avenue, Apt 21A.",2026-09-12,7,Parent,English,Owner,Community School C,school_safety
SYN-0591,"I welcome the proposed counseling service, but students need a private room and a reliable appointment system before they will feel comfortable seeking help.",2026-09-02,20,Parent,English,Owner,Community School C,mental_health
SYN-0592,The journey to school now takes more than an hour because the bus route crosses several neighborhoods before reaching its final destination.,2026-09-02,8,Parent,English,Owner,Community School C,transportation
SYN-0593,"After attending multiple hearings, I am increasingly concerned. I appreciate the new accessible entrance, but the hearing room also needs space for wheelchairs and a working sound system for people with hearing loss.",2026-09-12,8,Parent,English,Renter,Community School A,accessibility
SYN-0594,"After attending multiple hearings, I am increasingly concerned. Families received the hearing notice only one day before the meeting, leaving too little time to read the proposal and prepare meaningful questions. Contact Riley Lane at sample.person594@example.org or 312-555-1594.",2026-09-12,8,Parent,English,Owner,Community School A,communication
SYN-0595,"Our classroom has thirty five children sharing twenty textbooks, so several pupils cannot take a reading book home to practice their lessons.",2026-09-07,10,Resident,English,Renter,Community School B,classroom_resources
SYN-0596,"There have been repeated fights outside the school entrance, and supervised dismissal with trained adults could reduce the risk of injuries to students.",2026-09-12,6,Teacher,Polish,Renter,Community School D,school_safety
SYN-0597,Children experiencing anxiety wait several weeks to see a school counselor because one mental health professional is assigned to too many campuses.,2026-09-07,10,Parent,English,Renter,Community School C,mental_health
SYN-0598,"After school clubs are inaccessible to children whose only bus leaves immediately after lessons, so an additional late route would improve participation.",2026-09-02,8,Parent,English,Renter,Community School D,transportation
SYN-0599,The meeting recording needs accurate captions because automatic transcription repeatedly omits important details and makes it difficult for deaf families to review decisions.,2026-09-07,7,Parent,English,Other,Community School D,accessibility
SYN-0600,"Will the district publish a response log showing each recurring public question, the department handling it, and the date an answer is expected?",2026-09-07,8,Parent,English,Renter,Community School A,communication
SYN-0601,"Our classroom has thirty five children sharing twenty textbooks, so several pupils cannot take a reading book home to practice their lessons.",2026-09-07,6,Parent,Mandarin,Renter,Community School C,classroom_resources
SYN-0602,Will the school publish the results of its building safety inspection and explain when broken locks and unsafe playground equipment will be repaired?,2026-09-07,7,Parent,English,Renter,Community School B,school_safety
SYN-0603,"I welcome the proposed counseling service, but students need a private room and a reliable appointment system before they will feel comfortable seeking help.",2026-09-07,10,Resident,English,Owner,Community School B,mental_health
SYN-0604,Please provide an accessible school bus with working wheelchair restraints so children with mobility needs can travel safely with the other students.,2026-09-07,6,Resident,English,Owner,Community School D,transportation
SYN-0605,"The hearing room entrance has steps and no usable ramp, preventing wheelchair users from entering independently to give their public comments.",2026-09-02,10,Student,Spanish,Owner,Community School B,accessibility
SYN-0606,The public summary says residents supported the proposal but does not explain which concerns were raised or how those comments changed the final decision.,2026-09-07,7,Parent,English,Renter,Community School A,communication
SYN-0607,The school library needs current books at several reading levels because the same worn classroom texts do not meet every student learning need.,2026-09-07,10,Parent,English,Renter,Community School B,classroom_resources
SYN-0608,"I support a safer visitor check in process, but security measures should not make children feel threatened when they enter their school each morning.",2026-09-12,8,Parent,English,Owner,Community School B,school_safety
SYN-0609,"After attending multiple hearings, I am increasingly concerned. Children experiencing anxiety wait several weeks to see a school counselor because one mental health professional is assigned to too many campuses.",2026-09-12,10,Parent,Spanish,Renter,Community School C,mental_health
SYN-0610,"Our school bus arrives late several mornings each week, leaving children at the stop and causing them to miss breakfast and their first lesson. Contact Riley Quinn at sample.person610@example.org or 312-555-1610.",2026-09-07,10,Parent,English,Owner,Community School D,transportation
SYN-0611,"The hearing room entrance has steps and no usable ramp, preventing wheelchair users from entering independently to give their public comments.",2026-09-02,8,Teacher,English,Renter,Community School D,accessibility
SYN-0612,"I welcome the new public newsletter, but it should clearly distinguish confirmed decisions from proposals that are still open for community discussion.",2026-09-12,8,Community organizer,English,Other,Community School A,communication
SYN-0613,I support spending more of the education budget on textbooks and teaching staff rather than asking families to pay for essential classroom supplies.,2026-09-02,8,Resident,Spanish,Owner,Community School A,classroom_resources
SYN-0614,"There have been repeated fights outside the school entrance, and supervised dismissal with trained adults could reduce the risk of injuries to students.",2026-09-02,20,Parent,English,Owner,Community School B,school_safety
SYN-0615,"After attending multiple hearings, I am increasingly concerned. Children experiencing anxiety wait several weeks to see a school counselor because one mental health professional is assigned to too many campuses.",2026-09-12,8,Teacher,English,Other,Community School C,mental_health
SYN-0616,"Bus driver shortages have forced families to arrange expensive alternative transport, and the district should explain how it will recruit and retain drivers.",2026-09-07,20,Teacher,English,Renter,Community School B,transportation
SYN-0617,"The online comment form cannot be completed with a keyboard, which excludes residents who use assistive technology instead of a computer mouse.",2026-09-12,10,Resident,English,Renter,Community School C,accessibility
SYN-0618,"Families received the hearing notice only one day before the meeting, leaving too little time to read the proposal and prepare meaningful questions.",2026-09-07,7,Resident,English,Renter,Community School A,communication
SYN-0619,The school library needs current books at several reading levels because the same worn classroom texts do not meet every student learning need.,2026-09-12,20,Parent,English,Renter,Community School B,classroom_resources
SYN-0620,"Broken lights near the school playground make the walking route unsafe after evening activities, and the district should repair them before winter.",2026-09-12,20,Teacher,English,Renter,Community School B,school_safety
SYN-0621,"After attending multiple hearings, I am increasingly concerned. I welcome the proposed counseling service, but students need a private room and a reliable appointment system before they will feel comfortable seeking help.",2026-09-12,8,Resident,English,Renter,Community School B,mental_health
SYN-0622,"After attending multiple hearings, I am increasingly concerned. Will the transportation department publish missed pickup records and on time arrival figures for every school bus route so families can track reliability? I live at 722 Learning Street, Apt 23B.",2026-09-12,8,Parent,English,Renter,Community School C,transportation
SYN-0623,Will the district publish an accessibility contact and a simple way to request disability accommodations before each public hearing takes place?,2026-09-12,8,Teacher,English,Renter,Community School A,accessibility
SYN-0624,"After attending multiple hearings, I am increasingly concerned. Please publish meeting dates and decision deadlines in a single public calendar so residents do not have to search several different district websites.",2026-09-12,10,Student,English,Renter,Community School A,communication
SYN-0625,I support spending more of the education budget on textbooks and teaching staff rather than asking families to pay for essential classroom supplies.,2026-09-02,10,Parent,English,Owner,Community School A,classroom_resources
SYN-0626,Will the school publish the results of its building safety inspection and explain when broken locks and unsafe playground equipment will be repaired?,2026-09-12,5,Parent,Mandarin,Owner,Community School C,school_safety
SYN-0627,"After attending multiple hearings, I am increasingly concerned. The budget should fund mental health counseling during school holidays because anxiety and emotional crises do not stop when the classroom closes.",2026-09-12,8,Parent,English,Renter,Community School A,mental_health
SYN-0628,"After attending multiple hearings, I am increasingly concerned. Families need accurate bus arrival notifications because the transport office often announces a cancelled route only after children have already left home.",2026-09-12,5,Parent,English,Owner,Community School C,transportation
SYN-0629,The meeting recording needs accurate captions because automatic transcription repeatedly omits important details and makes it difficult for deaf families to review decisions.,2026-09-02,10,Parent,English,Owner,Community School C,accessibility
SYN-0630,"I welcome the new public newsletter, but it should clearly distinguish confirmed decisions from proposals that are still open for community discussion. I live at 730 Civic Way, Apt 1B.",2026-09-12,10,Parent,Polish,Renter,Community School D,communication
SYN-0631,"Our classroom has thirty five children sharing twenty textbooks, so several pupils cannot take a reading book home to practice their lessons.",2026-09-07,20,Teacher,Spanish,Renter,Community School A,classroom_resources
SYN-0632,"The entrance gate is routinely left open during lessons, so visitors can walk onto school grounds without checking in with the security team.",2026-09-02,7,Parent,English,Other,Community School C,school_safety
SYN-0633,"After attending multiple hearings, I am increasingly concerned. I welcome the proposed counseling service, but students need a private room and a reliable appointment system before they will feel comfortable seeking help.",2026-09-12,8,Teacher,English,Other,Community School A,mental_health
SYN-0634,"I support reviewing school bus routes, but parents need advance notice and safe replacement stops before any existing transportation service is removed.",2026-09-07,5,Community organizer,English,Renter,Community School B,transportation
SYN-0635,Will the district publish an accessibility contact and a simple way to request disability accommodations before each public hearing takes place?,2026-09-02,6,Resident,English,Renter,Community School C,accessibility
SYN-0636,Please publish meeting dates and decision deadlines in a single public calendar so residents do not have to search several different district websites.,2026-09-02,20,Parent,English,Renter,Community School B,communication
SYN-0637,Please protect teaching positions and reduce oversized classes so that each child receives individual help with reading and mathematics during the school day.,2026-09-07,20,Parent,English,Renter,Community School A,classroom_resources
SYN-0638,"Cars speed through the school crossing at dismissal, and trained crossing guards are needed to help children reach the pavement safely every afternoon.",2026-09-02,8,Resident,English,Renter,Community School C,school_safety
SYN-0639,"After attending multiple hearings, I am increasingly concerned. How many licensed psychologists will the district hire to reduce the waiting list for student mental health assessments and ongoing individual therapy?",2026-09-12,6,Parent,English,Renter,Community School A,mental_health
SYN-0640,"Please provide an accessible school bus with working wheelchair restraints so children with mobility needs can travel safely with the other students. I live at 740 Learning Street, Apt 11A.",2026-09-02,6,Parent,English,Owner,Community School B,transportation
SYN-0641,The meeting recording needs accurate captions because automatic transcription repeatedly omits important details and makes it difficult for deaf families to review decisions.,2026-09-07,7,Parent,English,Owner,Community School C,accessibility
SYN-0642,Regular progress updates should explain what has changed since the last meeting and provide direct links to the supporting reports and budget documents.,2026-09-07,20,Parent,English,Renter,Community School B,communication
SYN-0643,"Our classroom has thirty five children sharing twenty textbooks, so several pupils cannot take a reading book home to practice their lessons.",2026-09-07,5,Parent,English,Renter,Community School D,classroom_resources
SYN-0644,"Families need a clear emergency evacuation procedure explaining where children will assemble and how school staff will contact parents after an incident. I live at 744 Learning Street, Apt 15C.",2026-09-12,6,Parent,English,Other,Community School A,school_safety
SYN-0645,Please preserve confidential counseling appointments so that young people can discuss depression with a qualified clinician without feeling judged by their classmates. Contact Casey Brooks at sample.person645@example.org or 312-555-1645.,2026-09-12,10,Student,Mandarin,Renter,Community School B,mental_health
SYN-0646,"After attending multiple hearings, I am increasingly concerned. After school clubs are inaccessible to children whose only bus leaves immediately after lessons, so an additional late route would improve participation. Contact Jordan Parker at sample.person646@example.org or 312-555-1646.",2026-09-12,7,Parent,English,Renter,Community School D,transportation
SYN-0647,Will the district publish an accessibility contact and a simple way to request disability accommodations before each public hearing takes place?,2026-09-02,20,Parent,English,Owner,Community School D,accessibility
SYN-0648,"I welcome the new public newsletter, but it should clearly distinguish confirmed decisions from proposals that are still open for community discussion. I live at 748 Civic Way, Apt 19C.",2026-09-02,8,Resident,English,Renter,Community School B,communication
SYN-0649,The school library needs current books at several reading levels because the same worn classroom texts do not meet every student learning need.,2026-09-02,8,Teacher,English,Owner,Community School D,classroom_resources
SYN-0650,"After attending multiple hearings, I am increasingly concerned. Cars speed through the school crossing at dismissal, and trained crossing guards are needed to help children reach the pavement safely every afternoon.",2026-09-12,10,Parent,English,Owner,Community School D,school_safety
SYN-0651,"After attending multiple hearings, I am increasingly concerned. Students recovering from traumatic events need consistent therapeutic support throughout the school year, rather than a single visit from a temporary counselor.",2026-09-12,20,Parent,English,Renter,Community School D,mental_health
SYN-0652,Will the transportation department publish missed pickup records and on time arrival figures for every school bus route so families can track reliability?,2026-09-12,8,Community organizer,Spanish,Renter,Community School C,transportation
SYN-0653,"After attending multiple hearings, I am increasingly concerned. The meeting recording needs accurate captions because automatic transcription repeatedly omits important details and makes it difficult for deaf families to review decisions.",2026-09-12,6,Parent,English,Renter,Community School A,accessibility
SYN-0654,"Families received the hearing notice only one day before the meeting, leaving too little time to read the proposal and prepare meaningful questions.",2026-09-02,10,Parent,English,Other,Community School B,communication
SYN-0655,Please protect teaching positions and reduce oversized classes so that each child receives individual help with reading and mathematics during the school day. Contact Taylor Quinn at sample.person655@example.org or 312-555-1655.,2026-09-02,8,Parent,English,Owner,Community School D,classroom_resources
SYN-0656,"After attending multiple hearings, I am increasingly concerned. I support a safer visitor check in process, but security measures should not make children feel threatened when they enter their school each morning.",2026-09-12,10,Resident,English,Other,Community School B,school_safety
SYN-0657,Teachers need training to recognize signs of emotional distress and refer students to mental health specialists instead of treating every crisis as misconduct.,2026-09-12,20,Parent,Polish,Renter,Community School D,mental_health
SYN-0658,"I support reviewing school bus routes, but parents need advance notice and safe replacement stops before any existing transportation service is removed.",2026-09-07,10,Teacher,Mandarin,Owner,Community School A,transportation
SYN-0659,Residents who speak languages other than English need qualified interpreters and translated hearing documents before they can respond to the proposed changes.,2026-09-02,8,Parent,English,Renter,Community School B,accessibility
SYN-0660,Please publish meeting dates and decision deadlines in a single public calendar so residents do not have to search several different district websites.,2026-09-07,7,Parent,English,Owner,Community School D,communication
SYN-0661,"After attending multiple hearings, I am increasingly concerned. The school library needs current books at several reading levels because the same worn classroom texts do not meet every student learning need.",2026-09-12,10,Parent,Spanish,Renter,Community School B,classroom_resources
SYN-0662,"Cars speed through the school crossing at dismissal, and trained crossing guards are needed to help children reach the pavement safely every afternoon. Contact Avery Parker at sample.person662@example.org or 312-555-1662.",2026-09-12,20,Resident,English,Renter,Community School C,school_safety
SYN-0663,Teachers need training to recognize signs of emotional distress and refer students to mental health specialists instead of treating every crisis as misconduct.,2026-09-07,6,Parent,English,Renter,Community School A,mental_health
SYN-0664,The journey to school now takes more than an hour because the bus route crosses several neighborhoods before reaching its final destination.,2026-09-07,8,Parent,English,Renter,Community School C,transportation
SYN-0665,"After attending multiple hearings, I am increasingly concerned. People using screen readers need accessible documents with clear headings and meaningful link labels instead of scanned images of the hearing materials.",2026-09-12,10,Community organizer,English,Renter,Community School B,accessibility
SYN-0666,Please publish meeting dates and decision deadlines in a single public calendar so residents do not have to search several different district websites. Contact Taylor Reed at sample.person666@example.org or 312-555-1666.,2026-09-07,7,Parent,English,Owner,Community School B,communication
SYN-0667,"After attending multiple hearings, I am increasingly concerned. Will the district publish a classroom staffing plan showing how many teachers and teaching assistants will be available for each grade next year?",2026-09-12,8,Teacher,English,Owner,Community School B,classroom_resources
SYN-0668,"Cars speed through the school crossing at dismissal, and trained crossing guards are needed to help children reach the pavement safely every afternoon.",2026-09-07,6,Parent,English,Renter,Community School D,school_safety
SYN-0669,"Students recovering from traumatic events need consistent therapeutic support throughout the school year, rather than a single visit from a temporary counselor.",2026-09-12,10,Parent,English,Renter,Community School A,mental_health
SYN-0670,Will the transportation department publish missed pickup records and on time arrival figures for every school bus route so families can track reliability?,2026-09-07,7,Resident,English,Owner,Community School A,transportation
SYN-0671,"The online comment form cannot be completed with a keyboard, which excludes residents who use assistive technology instead of a computer mouse.",2026-09-02,8,Teacher,Spanish,Owner,Community School C,accessibility
SYN-0672,People who cannot attend an evening hearing need a recording and written minutes so they can understand the discussion and submit informed follow up comments.,2026-09-12,10,Student,Polish,Owner,Community School D,communication
SYN-0673,Will the district publish a classroom staffing plan showing how many teachers and teaching assistants will be available for each grade next year?,2026-09-07,10,Parent,English,Renter,Community School C,classroom_resources
SYN-0674,Will the school publish the results of its building safety inspection and explain when broken locks and unsafe playground equipment will be repaired?,2026-09-07,5,Teacher,English,Renter,Community School C,school_safety
SYN-0675,"I welcome the proposed counseling service, but students need a private room and a reliable appointment system before they will feel comfortable seeking help.",2026-09-12,20,Parent,English,Owner,Community School B,mental_health
SYN-0676,"After attending multiple hearings, I am increasingly concerned. Will the transportation department publish missed pickup records and on time arrival figures for every school bus route so families can track reliability?",2026-09-12,10,Teacher,English,Renter,Community School A,transportation
SYN-0677,"The hearing room entrance has steps and no usable ramp, preventing wheelchair users from entering independently to give their public comments.",2026-09-07,7,Parent,English,Renter,Community School B,accessibility
SYN-0678,"Families received the hearing notice only one day before the meeting, leaving too little time to read the proposal and prepare meaningful questions.",2026-09-07,8,Parent,English,Owner,Community School D,communication
SYN-0679,I support spending more of the education budget on textbooks and teaching staff rather than asking families to pay for essential classroom supplies.,2026-09-12,10,Parent,English,Renter,Community School D,classroom_resources
SYN-0680,Will the school publish the results of its building safety inspection and explain when broken locks and unsafe playground equipment will be repaired?,2026-09-12,5,Resident,English,Owner,Community School A,school_safety
SYN-0681,Please preserve confidential counseling appointments so that young people can discuss depression with a qualified clinician without feeling judged by their classmates.,2026-09-07,10,Parent,Mandarin,Renter,Community School B,mental_health
SYN-0682,"Bus driver shortages have forced families to arrange expensive alternative transport, and the district should explain how it will recruit and retain drivers.",2026-09-02,10,Resident,English,Renter,Community School A,transportation
SYN-0683,People using screen readers need accessible documents with clear headings and meaningful link labels instead of scanned images of the hearing materials.,2026-09-02,5,Teacher,English,Renter,Community School C,accessibility
SYN-0684,Regular progress updates should explain what has changed since the last meeting and provide direct links to the supporting reports and budget documents.,2026-09-12,7,Teacher,English,Owner,Community School B,communication
SYN-0685,Please protect teaching positions and reduce oversized classes so that each child receives individual help with reading and mathematics during the school day.,2026-09-02,6,Parent,English,Renter,Community School B,classroom_resources
SYN-0686,"Cars speed through the school crossing at dismissal, and trained crossing guards are needed to help children reach the pavement safely every afternoon. Contact Jordan Hayes at sample.person686@example.org or 312-555-1686. I live at 786 Public Square Road, Apt 27A.",2026-09-02,8,Teacher,English,Owner,Community School C,school_safety
SYN-0687,Children experiencing anxiety wait several weeks to see a school counselor because one mental health professional is assigned to too many campuses.,2026-09-07,7,Parent,English,Owner,Community School A,mental_health
SYN-0688,Families need accurate bus arrival notifications because the transport office often announces a cancelled route only after children have already left home.,2026-09-07,20,Resident,English,Renter,Community School B,transportation
SYN-0689,The meeting recording needs accurate captions because automatic transcription repeatedly omits important details and makes it difficult for deaf families to review decisions.,2026-09-02,7,Resident,English,Owner,Community School D,accessibility
SYN-0690,"Questions submitted at the previous hearing have received no written response, and the district should identify who is responsible for answering them.",2026-09-02,7,Resident,English,Renter,Community School C,communication
SYN-0691,Please protect teaching positions and reduce oversized classes so that each child receives individual help with reading and mathematics during the school day.,2026-09-07,8,Parent,English,Owner,Community School C,classroom_resources
SYN-0692,Families need a clear emergency evacuation procedure explaining where children will assemble and how school staff will contact parents after an incident.,2026-09-02,10,Resident,English,Owner,Community School A,school_safety
SYN-0693,Please preserve confidential counseling appointments so that young people can discuss depression with a qualified clinician without feeling judged by their classmates.,2026-09-12,8,Parent,English,Renter,Community School D,mental_health
SYN-0694,"After school clubs are inaccessible to children whose only bus leaves immediately after lessons, so an additional late route would improve participation.",2026-09-12,7,Community organizer,Spanish,Owner,Community School B,transportation
SYN-0695,"The online comment form cannot be completed with a keyboard, which excludes residents who use assistive technology instead of a computer mouse. I live at 795 Public Square Road, Apt 6C.",2026-09-07,10,Parent,English,Renter,Community School B,accessibility
SYN-0696,The public summary says residents supported the proposal but does not explain which concerns were raised or how those comments changed the final decision.,2026-09-12,8,Resident,English,Owner,Community School B,communication
SYN-0697,The school library needs current books at several reading levels because the same worn classroom texts do not meet every student learning need.,2026-09-07,5,Parent,English,Other,Community School B,classroom_resources
SYN-0698,"The entrance gate is routinely left open during lessons, so visitors can walk onto school grounds without checking in with the security team. Contact Taylor Parker at sample.person698@example.org or 312-555-1698. I live at 798 Public Square Road, Apt 9B.",2026-09-12,20,Parent,Spanish,Renter,Community School C,school_safety
SYN-0699,"Students recovering from traumatic events need consistent therapeutic support throughout the school year, rather than a single visit from a temporary counselor.",2026-09-02,7,Parent,Spanish,Renter,Community School D,mental_health
SYN-0700,"I support reviewing school bus routes, but parents need advance notice and safe replacement stops before any existing transportation service is removed.",2026-09-07,8,Student,English,Renter,Community School B,transportation
SYN-0701,"I appreciate the new accessible entrance, but the hearing room also needs space for wheelchairs and a working sound system for people with hearing loss.",2026-09-02,20,Parent,English,Renter,Community School D,accessibility
SYN-0702,The public summary says residents supported the proposal but does not explain which concerns were raised or how those comments changed the final decision.,2026-09-07,8,Parent,English,Renter,Community School B,communication
SYN-0703,Will the district publish a classroom staffing plan showing how many teachers and teaching assistants will be available for each grade next year?,2026-09-12,8,Parent,English,Renter,Community School B,classroom_resources
SYN-0704,"After attending multiple hearings, I am increasingly concerned. Will the school publish the results of its building safety inspection and explain when broken locks and unsafe playground equipment will be repaired?",2026-09-12,20,Parent,English,Renter,Community School A,school_safety
SYN-0705,"After attending multiple hearings, I am increasingly concerned. Our school needs a full time social worker who can support students dealing with grief and help families find appropriate mental health care.",2026-09-12,6,Teacher,English,Renter,Community School D,mental_health
SYN-0706,The journey to school now takes more than an hour because the bus route crosses several neighborhoods before reaching its final destination.,2026-09-02,7,Teacher,Polish,Renter,Community School C,transportation
SYN-0707,The meeting recording needs accurate captions because automatic transcription repeatedly omits important details and makes it difficult for deaf families to review decisions.,2026-09-12,6,Parent,English,Renter,Community School A,accessibility
SYN-0708,The public summary says residents supported the proposal but does not explain which concerns were raised or how those comments changed the final decision.,2026-09-02,10,Parent,English,Renter,Community School C,communication
SYN-0709,I support spending more of the education budget on textbooks and teaching staff rather than asking families to pay for essential classroom supplies.,2026-09-02,6,Resident,Spanish,Renter,Community School A,classroom_resources
SYN-0710,"The entrance gate is routinely left open during lessons, so visitors can walk onto school grounds without checking in with the security team. Contact Taylor Quinn at sample.person710@example.org or 312-555-1710.",2026-09-07,7,Resident,English,Renter,Community School C,school_safety
SYN-0711,Our school needs a full time social worker who can support students dealing with grief and help families find appropriate mental health care.,2026-09-12,7,Student,English,Owner,Community School C,mental_health
SYN-0712,"Bus driver shortages have forced families to arrange expensive alternative transport, and the district should explain how it will recruit and retain drivers.",2026-09-02,20,Parent,Spanish,Renter,Community School A,transportation
SYN-0713,"I appreciate the new accessible entrance, but the hearing room also needs space for wheelchairs and a working sound system for people with hearing loss.",2026-09-02,8,Parent,English,Renter,Community School C,accessibility
SYN-0714,"Questions submitted at the previous hearing have received no written response, and the district should identify who is responsible for answering them. I live at 814 Learning Street, Apt 25C.",2026-09-07,7,Parent,English,Renter,Community School B,communication
SYN-0715,"Science lessons cannot include experiments when the classroom has no working equipment, and replacing broken laboratory supplies should be a budget priority.",2026-09-12,6,Parent,Spanish,Owner,Community School D,classroom_resources
SYN-0716,"Please provide safety training for staff who supervise arrival and dismissal, including how to respond when a child is separated from their caregiver.",2026-09-12,10,Teacher,English,Renter,Community School D,school_safety
SYN-0717,The budget should fund mental health counseling during school holidays because anxiety and emotional crises do not stop when the classroom closes.,2026-09-12,20,Parent,English,Renter,Community School B,mental_health
SYN-0718,Will the transportation department publish missed pickup records and on time arrival figures for every school bus route so families can track reliability?,2026-09-12,5,Parent,English,Owner,Community School B,transportation
SYN-0719,Will the district publish an accessibility contact and a simple way to request disability accommodations before each public hearing takes place?,2026-09-02,6,Teacher,English,Owner,Community School A,accessibility
SYN-0720,People who cannot attend an evening hearing need a recording and written minutes so they can understand the discussion and submit informed follow up comments.,2026-09-02,8,Resident,English,Renter,Community School B,communication
SYN-0721,Teachers are buying pencils and exercise books with their own money because the classroom supply budget runs out before the winter term.,2026-09-02,10,Community organizer,English,Renter,Community School C,classroom_resources
SYN-0722,"The entrance gate is routinely left open during lessons, so visitors can walk onto school grounds without checking in with the security team.",2026-09-02,8,Parent,English,Owner,Community School A,school_safety
SYN-0723,"Students recovering from traumatic events need consistent therapeutic support throughout the school year, rather than a single visit from a temporary counselor.",2026-09-02,7,Teacher,English,Owner,Community School A,mental_health
SYN-0724,"I support reviewing school bus routes, but parents need advance notice and safe replacement stops before any existing transportation service is removed.",2026-09-07,20,Resident,English,Renter,Community School A,transportation
SYN-0725,People using screen readers need accessible documents with clear headings and meaningful link labels instead of scanned images of the hearing materials.,2026-09-12,6,Parent,English,Owner,Community School A,accessibility
SYN-0726,Regular progress updates should explain what has changed since the last meeting and provide direct links to the supporting reports and budget documents.,2026-09-12,7,Resident,English,Renter,Community School B,communication
SYN-0727,The school library needs current books at several reading levels because the same worn classroom texts do not meet every student learning need.,2026-09-02,7,Resident,English,Owner,Community School D,classroom_resources
SYN-0728,"The entrance gate is routinely left open during lessons, so visitors can walk onto school grounds without checking in with the security team.",2026-09-07,7,Community organizer,English,Renter,Community School B,school_safety
SYN-0729,Children experiencing anxiety wait several weeks to see a school counselor because one mental health professional is assigned to too many campuses.,2026-09-12,8,Parent,English,Owner,Community School A,mental_health
SYN-0730,"After attending multiple hearings, I am increasingly concerned. Bus driver shortages have forced families to arrange expensive alternative transport, and the district should explain how it will recruit and retain drivers.",2026-09-12,8,Student,Spanish,Renter,Community School B,transportation
SYN-0731,"After attending multiple hearings, I am increasingly concerned. The meeting recording needs accurate captions because automatic transcription repeatedly omits important details and makes it difficult for deaf families to review decisions.",2026-09-12,8,Parent,English,Renter,Community School B,accessibility
SYN-0732,"After attending multiple hearings, I am increasingly concerned. The public summary says residents supported the proposal but does not explain which concerns were raised or how those comments changed the final decision. I live at 832 Civic Way, Apt 13C.",2026-09-12,7,Resident,Mandarin,Renter,Community School A,communication
SYN-0733,The school library needs current books at several reading levels because the same worn classroom texts do not meet every student learning need.,2026-09-12,5,Parent,English,Renter,Community School D,classroom_resources
SYN-0734,"Broken lights near the school playground make the walking route unsafe after evening activities, and the district should repair them before winter. Contact Jordan Lane at sample.person734@example.org or 312-555-1734.",2026-09-02,7,Parent,English,Renter,Community School D,school_safety
SYN-0735,Children experiencing anxiety wait several weeks to see a school counselor because one mental health professional is assigned to too many campuses.,2026-09-02,5,Resident,English,Renter,Community School D,mental_health
SYN-0736,"Bus driver shortages have forced families to arrange expensive alternative transport, and the district should explain how it will recruit and retain drivers. Contact Morgan Reed at sample.person736@example.org or 312-555-1736.",2026-09-07,8,Parent,English,Owner,Community School A,transportation
SYN-0737,The meeting recording needs accurate captions because automatic transcription repeatedly omits important details and makes it difficult for deaf families to review decisions.,2026-09-02,8,Parent,English,Renter,Community School D,accessibility
SYN-0738,Please publish meeting dates and decision deadlines in a single public calendar so residents do not have to search several different district websites. Contact Morgan Hayes at sample.person738@example.org or 312-555-1738.,2026-09-07,10,Resident,Mandarin,Other,Community School B,communication
SYN-0739,"Science lessons cannot include experiments when the classroom has no working equipment, and replacing broken laboratory supplies should be a budget priority.",2026-09-12,10,Parent,Polish,Renter,Community School D,classroom_resources
SYN-0740,"I support a safer visitor check in process, but security measures should not make children feel threatened when they enter their school each morning.",2026-09-07,8,Parent,English,Owner,Community School D,school_safety
SYN-0741,The budget should fund mental health counseling during school holidays because anxiety and emotional crises do not stop when the classroom closes.,2026-09-02,8,Parent,Spanish,Renter,Community School B,mental_health
SYN-0742,Will the transportation department publish missed pickup records and on time arrival figures for every school bus route so families can track reliability?,2026-09-12,6,Parent,English,Renter,Community School A,transportation
SYN-0743,"I appreciate the new accessible entrance, but the hearing room also needs space for wheelchairs and a working sound system for people with hearing loss.",2026-09-07,8,Parent,English,Other,Community School B,accessibility
SYN-0744,Please publish meeting dates and decision deadlines in a single public calendar so residents do not have to search several different district websites.,2026-09-02,10,Parent,English,Owner,Community School C,communication
SYN-0745,"After attending multiple hearings, I am increasingly concerned. Will the district publish a classroom staffing plan showing how many teachers and teaching assistants will be available for each grade next year?",2026-09-12,8,Parent,English,Renter,Community School A,classroom_resources
SYN-0746,"After attending multiple hearings, I am increasingly concerned. Will the school publish the results of its building safety inspection and explain when broken locks and unsafe playground equipment will be repaired?",2026-09-12,20,Parent,English,Renter,Community School C,school_safety
SYN-0747,Teachers need training to recognize signs of emotional distress and refer students to mental health specialists instead of treating every crisis as misconduct.,2026-09-02,20,Parent,English,Renter,Community School D,mental_health
SYN-0748,Families need accurate bus arrival notifications because the transport office often announces a cancelled route only after children have already left home.,2026-09-12,8,Teacher,Spanish,Renter,Community School C,transportation
SYN-0749,"After attending multiple hearings, I am increasingly concerned. The hearing room entrance has steps and no usable ramp, preventing wheelchair users from entering independently to give their public comments.",2026-09-12,10,Resident,English,Owner,Community School C,accessibility
SYN-0750,"After attending multiple hearings, I am increasingly concerned. The public summary says residents supported the proposal but does not explain which concerns were raised or how those comments changed the final decision.",2026-09-12,8,Teacher,English,Renter,Community School D,communication
SYN-0751,Teachers are buying pencils and exercise books with their own money because the classroom supply budget runs out before the winter term.,2026-09-07,7,Parent,Spanish,Renter,Community School B,classroom_resources
SYN-0752,"Please provide safety training for staff who supervise arrival and dismissal, including how to respond when a child is separated from their caregiver.",2026-09-07,6,Parent,English,Owner,Community School B,school_safety
SYN-0753,Children experiencing anxiety wait several weeks to see a school counselor because one mental health professional is assigned to too many campuses.,2026-09-12,8,Teacher,English,Renter,Community School D,mental_health
SYN-0754,Will the transportation department publish missed pickup records and on time arrival figures for every school bus route so families can track reliability?,2026-09-07,5,Resident,Spanish,Other,Community School C,transportation
SYN-0755,"The hearing room entrance has steps and no usable ramp, preventing wheelchair users from entering independently to give their public comments.",2026-09-12,10,Parent,English,Renter,Community School B,accessibility
SYN-0756,"I welcome the new public newsletter, but it should clearly distinguish confirmed decisions from proposals that are still open for community discussion. I live at 856 Public Square Road, Apt 7A.",2026-09-07,8,Parent,English,Other,Community School B,communication
SYN-0757,Students who need extra practice are losing after school tutoring hours while their teachers are already responsible for more children than they can support. Contact Taylor Lane at sample.person757@example.org or 312-555-1757.,2026-09-07,8,Resident,Mandarin,Owner,Community School B,classroom_resources
SYN-0758,"Families need a clear emergency evacuation procedure explaining where children will assemble and how school staff will contact parents after an incident. I live at 858 Civic Way, Apt 9A.",2026-09-02,20,Parent,English,Renter,Community School C,school_safety
SYN-0759,Children experiencing anxiety wait several weeks to see a school counselor because one mental health professional is assigned to too many campuses.,2026-09-07,8,Community organizer,English,Renter,Community School D,mental_health
SYN-0760,"Bus driver shortages have forced families to arrange expensive alternative transport, and the district should explain how it will recruit and retain drivers.",2026-09-07,8,Student,Spanish,Renter,Community School A,transportation
SYN-0761,"I appreciate the new accessible entrance, but the hearing room also needs space for wheelchairs and a working sound system for people with hearing loss. I live at 861 Community Avenue, Apt 12A.",2026-09-02,5,Resident,English,Renter,Community School B,accessibility
SYN-0762,"Families received the hearing notice only one day before the meeting, leaving too little time to read the proposal and prepare meaningful questions.",2026-09-02,8,Parent,Spanish,Renter,Community School B,communication
SYN-0763,Students who need extra practice are losing after school tutoring hours while their teachers are already responsible for more children than they can support.,2026-09-12,10,Resident,English,Owner,Community School B,classroom_resources
SYN-0764,"After attending multiple hearings, I am increasingly concerned. The entrance gate is routinely left open during lessons, so visitors can walk onto school grounds without checking in with the security team.",2026-09-12,6,Parent,English,Owner,Community School A,school_safety
SYN-0765,How many licensed psychologists will the district hire to reduce the waiting list for student mental health assessments and ongoing individual therapy?,2026-09-12,10,Parent,English,Renter,Community School C,mental_health
SYN-0766,"After attending multiple hearings, I am increasingly concerned. I support reviewing school bus routes, but parents need advance notice and safe replacement stops before any existing transportation service is removed.",2026-09-12,6,Parent,English,Owner,Community School A,transportation
SYN-0767,"After attending multiple hearings, I am increasingly concerned. I appreciate the new accessible entrance, but the hearing room also needs space for wheelchairs and a working sound system for people with hearing loss.",2026-09-12,10,Resident,Polish,Renter,Community School A,accessibility
SYN-0768,The public summary says residents supported the proposal but does not explain which concerns were raised or how those comments changed the final decision.,2026-09-07,7,Parent,English,Renter,Community School A,communication
SYN-0769,"After attending multiple hearings, I am increasingly concerned. Our classroom has thirty five children sharing twenty textbooks, so several pupils cannot take a reading book home to practice their lessons.",2026-09-12,8,Resident,English,Owner,Community School C,classroom_resources
SYN-0770,"Families need a clear emergency evacuation procedure explaining where children will assemble and how school staff will contact parents after an incident. I live at 870 Learning Street, Apt 21A.",2026-09-07,8,Community organizer,English,Other,Community School C,school_safety
SYN-0771,"After attending multiple hearings, I am increasingly concerned. Please preserve confidential counseling appointments so that young people can discuss depression with a qualified clinician without feeling judged by their classmates.",2026-09-12,7,Parent,English,Renter,Community School A,mental_health
SYN-0772,"After school clubs are inaccessible to children whose only bus leaves immediately after lessons, so an additional late route would improve participation.",2026-09-02,8,Parent,English,Renter,Community School C,transportation
SYN-0773,"After attending multiple hearings, I am increasingly concerned. The meeting recording needs accurate captions because automatic transcription repeatedly omits important details and makes it difficult for deaf families to review decisions.",2026-09-12,5,Parent,English,Renter,Community School B,accessibility
SYN-0774,The public summary says residents supported the proposal but does not explain which concerns were raised or how those comments changed the final decision.,2026-09-12,8,Parent,Spanish,Renter,Community School A,communication
SYN-0775,"I support spending more of the education budget on textbooks and teaching staff rather than asking families to pay for essential classroom supplies. I live at 875 Public Square Road, Apt 26C.",2026-09-02,10,Resident,Spanish,Renter,Community School A,classroom_resources
SYN-0776,"Broken lights near the school playground make the walking route unsafe after evening activities, and the district should repair them before winter.",2026-09-02,20,Parent,English,Renter,Community School A,school_safety
SYN-0777,How many licensed psychologists will the district hire to reduce the waiting list for student mental health assessments and ongoing individual therapy?,2026-09-07,8,Parent,English,Owner,Community School B,mental_health
SYN-0778,Please provide an accessible school bus with working wheelchair restraints so children with mobility needs can travel safely with the other students.,2026-09-02,20,Parent,English,Owner,Community School D,transportation
SYN-0779,People using screen readers need accessible documents with clear headings and meaningful link labels instead of scanned images of the hearing materials.,2026-09-07,10,Resident,English,Owner,Community School B,accessibility
SYN-0780,People who cannot attend an evening hearing need a recording and written minutes so they can understand the discussion and submit informed follow up comments.,2026-09-12,6,Parent,Spanish,Renter,Community School D,communication
SYN-0781,The school library needs current books at several reading levels because the same worn classroom texts do not meet every student learning need. Contact Avery Parker at sample.person781@example.org or 312-555-1781.,2026-09-12,10,Student,English,Renter,Community School B,classroom_resources
SYN-0782,"Please provide safety training for staff who supervise arrival and dismissal, including how to respond when a child is separated from their caregiver.",2026-09-07,8,Parent,English,Other,Community School A,school_safety
SYN-0783,Teachers need training to recognize signs of emotional distress and refer students to mental health specialists instead of treating every crisis as misconduct.,2026-09-12,10,Resident,English,Renter,Community School D,mental_health
SYN-0784,"I support reviewing school bus routes, but parents need advance notice and safe replacement stops before any existing transportation service is removed.",2026-09-02,20,Parent,English,Renter,Community School C,transportation
SYN-0785,"After attending multiple hearings, I am increasingly concerned. I appreciate the new accessible entrance, but the hearing room also needs space for wheelchairs and a working sound system for people with hearing loss.",2026-09-12,8,Parent,English,Renter,Community School C,accessibility
SYN-0786,"Will the district publish a response log showing each recurring public question, the department handling it, and the date an answer is expected?",2026-09-02,20,Parent,English,Other,Community School A,communication
SYN-0787,Please protect teaching positions and reduce oversized classes so that each child receives individual help with reading and mathematics during the school day.,2026-09-07,8,Community organizer,English,Renter,Community School C,classroom_resources
SYN-0788,"I support a safer visitor check in process, but security measures should not make children feel threatened when they enter their school each morning.",2026-09-02,6,Parent,English,Renter,Community School A,school_safety
SYN-0789,Children experiencing anxiety wait several weeks to see a school counselor because one mental health professional is assigned to too many campuses.,2026-09-07,7,Resident,English,Owner,Community School D,mental_health
SYN-0790,"After attending multiple hearings, I am increasingly concerned. Families need accurate bus arrival notifications because the transport office often announces a cancelled route only after children have already left home.",2026-09-12,8,Parent,English,Owner,Community School D,transportation
SYN-0791,Will the district publish an accessibility contact and a simple way to request disability accommodations before each public hearing takes place?,2026-09-12,8,Resident,English,Other,Community School D,accessibility
SYN-0792,Regular progress updates should explain what has changed since the last meeting and provide direct links to the supporting reports and budget documents.,2026-09-02,8,Parent,English,Renter,Community School A,communication
SYN-0793,"Science lessons cannot include experiments when the classroom has no working equipment, and replacing broken laboratory supplies should be a budget priority.",2026-09-02,8,Parent,English,Renter,Community School D,classroom_resources
SYN-0794,"I support a safer visitor check in process, but security measures should not make children feel threatened when they enter their school each morning.",2026-09-02,10,Parent,English,Renter,Community School B,school_safety
SYN-0795,Our school needs a full time social worker who can support students dealing with grief and help families find appropriate mental health care.,2026-09-02,8,Resident,English,Renter,Community School C,mental_health
SYN-0796,The journey to school now takes more than an hour because the bus route crosses several neighborhoods before reaching its final destination.,2026-09-07,7,Teacher,English,Renter,Community School A,transportation
SYN-0797,The meeting recording needs accurate captions because automatic transcription repeatedly omits important details and makes it difficult for deaf families to review decisions.,2026-09-07,8,Parent,English,Renter,Community School B,accessibility
SYN-0798,"After attending multiple hearings, I am increasingly concerned. I welcome the new public newsletter, but it should clearly distinguish confirmed decisions from proposals that are still open for community discussion.",2026-09-12,8,Student,English,Owner,Community School B,communication
SYN-0799,"After attending multiple hearings, I am increasingly concerned. Our classroom has thirty five children sharing twenty textbooks, so several pupils cannot take a reading book home to practice their lessons.",2026-09-12,20,Community organizer,English,Other,Community School B,classroom_resources
SYN-0800,"After attending multiple hearings, I am increasingly concerned. Please provide safety training for staff who supervise arrival and dismissal, including how to respond when a child is separated from their caregiver.",2026-09-12,20,Parent,English,Renter,Community School D,school_safety
SYN-0801,How many licensed psychologists will the district hire to reduce the waiting list for student mental health assessments and ongoing individual therapy?,2026-09-07,6,Parent,Spanish,Renter,Community School C,mental_health
SYN-0802,"After attending multiple hearings, I am increasingly concerned. I support reviewing school bus routes, but parents need advance notice and safe replacement stops before any existing transportation service is removed.",2026-09-12,6,Parent,English,Other,Community School D,transportation
SYN-0803,"I appreciate the new accessible entrance, but the hearing room also needs space for wheelchairs and a working sound system for people with hearing loss.",2026-09-02,20,Resident,Spanish,Owner,Community School A,accessibility
SYN-0804,"Families received the hearing notice only one day before the meeting, leaving too little time to read the proposal and prepare meaningful questions. I live at 904 Civic Way, Apt 25C.",2026-09-02,20,Parent,English,Other,Community School D,communication
SYN-0805,"Our classroom has thirty five children sharing twenty textbooks, so several pupils cannot take a reading book home to practice their lessons.",2026-09-07,10,Resident,Spanish,Owner,Community School B,classroom_resources
SYN-0806,Families need a clear emergency evacuation procedure explaining where children will assemble and how school staff will contact parents after an incident.,2026-09-02,8,Parent,English,Renter,Community School B,school_safety
SYN-0807,"I welcome the proposed counseling service, but students need a private room and a reliable appointment system before they will feel comfortable seeking help.",2026-09-12,10,Teacher,English,Owner,Community School A,mental_health
SYN-0808,"Our school bus arrives late several mornings each week, leaving children at the stop and causing them to miss breakfast and their first lesson.",2026-09-07,8,Parent,English,Renter,Community School D,transportation
SYN-0809,"I appreciate the new accessible entrance, but the hearing room also needs space for wheelchairs and a working sound system for people with hearing loss.",2026-09-07,10,Teacher,English,Owner,Community School D,accessibility
SYN-0810,"After attending multiple hearings, I am increasingly concerned. People who cannot attend an evening hearing need a recording and written minutes so they can understand the discussion and submit informed follow up comments. Contact Taylor Hayes at sample.person810@example.org or 312-555-1810.",2026-09-12,8,Parent,English,Owner,Community School A,communication
SYN-0811,"Science lessons cannot include experiments when the classroom has no working equipment, and replacing broken laboratory supplies should be a budget priority.",2026-09-02,20,Parent,English,Renter,Community School B,classroom_resources
SYN-0812,Will the school publish the results of its building safety inspection and explain when broken locks and unsafe playground equipment will be repaired?,2026-09-02,20,Parent,Spanish,Renter,Community School D,school_safety
SYN-0813,"How many licensed psychologists will the district hire to reduce the waiting list for student mental health assessments and ongoing individual therapy? I live at 913 Public Square Road, Apt 4C.",2026-09-07,7,Parent,Mandarin,Renter,Community School C,mental_health
SYN-0814,Will the transportation department publish missed pickup records and on time arrival figures for every school bus route so families can track reliability?,2026-09-02,8,Parent,English,Renter,Community School A,transportation
SYN-0815,The meeting recording needs accurate captions because automatic transcription repeatedly omits important details and makes it difficult for deaf families to review decisions.,2026-09-12,10,Community organizer,English,Owner,Community School C,accessibility
SYN-0816,"Will the district publish a response log showing each recurring public question, the department handling it, and the date an answer is expected?",2026-09-12,8,Student,English,Renter,Community School B,communication
SYN-0817,"After attending multiple hearings, I am increasingly concerned. The school library needs current books at several reading levels because the same worn classroom texts do not meet every student learning need.",2026-09-12,8,Teacher,English,Owner,Community School B,classroom_resources
SYN-0818,"Families need a clear emergency evacuation procedure explaining where children will assemble and how school staff will contact parents after an incident. I live at 918 Community Avenue, Apt 9B.",2026-09-07,10,Parent,English,Owner,Community School A,school_safety
SYN-0819,"After attending multiple hearings, I am increasingly concerned. Students recovering from traumatic events need consistent therapeutic support throughout the school year, rather than a single visit from a temporary counselor.",2026-09-12,7,Parent,English,Other,Community School D,mental_health
SYN-0820,The journey to school now takes more than an hour because the bus route crosses several neighborhoods before reaching its final destination.,2026-09-02,20,Parent,English,Owner,Community School B,transportation
SYN-0821,"After attending multiple hearings, I am increasingly concerned. The hearing room entrance has steps and no usable ramp, preventing wheelchair users from entering independently to give their public comments. Contact Avery Brooks at sample.person821@example.org or 312-555-1821.",2026-09-12,7,Student,English,Owner,Community School C,accessibility
SYN-0822,"After attending multiple hearings, I am increasingly concerned. Will the district publish a response log showing each recurring public question, the department handling it, and the date an answer is expected?",2026-09-12,20,Teacher,English,Renter,Community School B,communication
SYN-0823,Students who need extra practice are losing after school tutoring hours while their teachers are already responsible for more children than they can support.,2026-09-02,8,Teacher,English,Owner,Community School B,classroom_resources
SYN-0824,"Please provide safety training for staff who supervise arrival and dismissal, including how to respond when a child is separated from their caregiver.",2026-09-12,5,Parent,English,Owner,Community School C,school_safety
SYN-0825,How many licensed psychologists will the district hire to reduce the waiting list for student mental health assessments and ongoing individual therapy?,2026-09-02,10,Parent,English,Owner,Community School A,mental_health
SYN-0826,The journey to school now takes more than an hour because the bus route crosses several neighborhoods before reaching its final destination.,2026-09-02,6,Parent,English,Renter,Community School A,transportation
SYN-0827,The meeting recording needs accurate captions because automatic transcription repeatedly omits important details and makes it difficult for deaf families to review decisions.,2026-09-12,8,Teacher,English,Renter,Community School B,accessibility
SYN-0828,"Questions submitted at the previous hearing have received no written response, and the district should identify who is responsible for answering them.",2026-09-02,7,Student,Spanish,Renter,Community School D,communication
SYN-0829,Teachers are buying pencils and exercise books with their own money because the classroom supply budget runs out before the winter term.,2026-09-07,10,Parent,English,Owner,Community School A,classroom_resources
SYN-0830,"After attending multiple hearings, I am increasingly concerned. I support a safer visitor check in process, but security measures should not make children feel threatened when they enter their school each morning.",2026-09-12,8,Teacher,English,Renter,Community School D,school_safety
SYN-0831,Teachers need training to recognize signs of emotional distress and refer students to mental health specialists instead of treating every crisis as misconduct.,2026-09-02,6,Parent,English,Owner,Community School D,mental_health
SYN-0832,"The journey to school now takes more than an hour because the bus route crosses several neighborhoods before reaching its final destination. I live at 932 Civic Way, Apt 23A.",2026-09-02,8,Parent,English,Renter,Community School B,transportation
SYN-0833,The meeting recording needs accurate captions because automatic transcription repeatedly omits important details and makes it difficult for deaf families to review decisions.,2026-09-12,7,Resident,English,Owner,Community School C,accessibility
SYN-0834,Regular progress updates should explain what has changed since the last meeting and provide direct links to the supporting reports and budget documents.,2026-09-02,10,Resident,Spanish,Renter,Community School B,communication
SYN-0835,"Our classroom has thirty five children sharing twenty textbooks, so several pupils cannot take a reading book home to practice their lessons. Contact Riley Parker at sample.person835@example.org or 312-555-1835.",2026-09-02,20,Parent,English,Renter,Community School B,classroom_resources
SYN-0836,"The entrance gate is routinely left open during lessons, so visitors can walk onto school grounds without checking in with the security team.",2026-09-02,7,Student,Mandarin,Renter,Community School D,school_safety
SYN-0837,Teachers need training to recognize signs of emotional distress and refer students to mental health specialists instead of treating every crisis as misconduct. Contact Morgan Lane at sample.person837@example.org or 312-555-1837.,2026-09-07,7,Parent,English,Owner,Community School C,mental_health
SYN-0838,"Our school bus arrives late several mornings each week, leaving children at the stop and causing them to miss breakfast and their first lesson.",2026-09-07,7,Parent,English,Renter,Community School A,transportation
SYN-0839,"After attending multiple hearings, I am increasingly concerned. People using screen readers need accessible documents with clear headings and meaningful link labels instead of scanned images of the hearing materials. Contact Avery Lane at sample.person839@example.org or 312-555-1839.",2026-09-12,20,Community organizer,Spanish,Renter,Community School B,accessibility
SYN-0840,"After attending multiple hearings, I am increasingly concerned. The public summary says residents supported the proposal but does not explain which concerns were raised or how those comments changed the final decision.",2026-09-12,6,Student,English,Renter,Community School A,communication
SYN-0841,Will the district publish a classroom staffing plan showing how many teachers and teaching assistants will be available for each grade next year?,2026-09-07,8,Student,English,Other,Community School B,classroom_resources
SYN-0842,"After attending multiple hearings, I am increasingly concerned. Broken lights near the school playground make the walking route unsafe after evening activities, and the district should repair them before winter.",2026-09-12,10,Parent,English,Owner,Community School B,school_safety
SYN-0843,Please preserve confidential counseling appointments so that young people can discuss depression with a qualified clinician without feeling judged by their classmates.,2026-09-12,6,Resident,English,Renter,Community School D,mental_health
SYN-0844,"I support reviewing school bus routes, but parents need advance notice and safe replacement stops before any existing transportation service is removed.",2026-09-12,10,Parent,Mandarin,Renter,Community School D,transportation
SYN-0845,Will the district publish an accessibility contact and a simple way to request disability accommodations before each public hearing takes place?,2026-09-12,8,Student,English,Renter,Community School B,accessibility
SYN-0846,"Questions submitted at the previous hearing have received no written response, and the district should identify who is responsible for answering them. Contact Morgan Brooks at sample.person846@example.org or 312-555-1846.",2026-09-02,7,Parent,English,Other,Community School B,communication
SYN-0847,"After attending multiple hearings, I am increasingly concerned. Teachers are buying pencils and exercise books with their own money because the classroom supply budget runs out before the winter term.",2026-09-12,20,Parent,English,Owner,Community School D,classroom_resources
SYN-0848,Will the school publish the results of its building safety inspection and explain when broken locks and unsafe playground equipment will be repaired?,2026-09-07,8,Resident,English,Owner,Community School C,school_safety
SYN-0849,"After attending multiple hearings, I am increasingly concerned. Teachers need training to recognize signs of emotional distress and refer students to mental health specialists instead of treating every crisis as misconduct.",2026-09-12,10,Teacher,English,Other,Community School A,mental_health
SYN-0850,"After attending multiple hearings, I am increasingly concerned. The journey to school now takes more than an hour because the bus route crosses several neighborhoods before reaching its final destination.",2026-09-12,8,Teacher,English,Renter,Community School C,transportation
SYN-0851,The meeting recording needs accurate captions because automatic transcription repeatedly omits important details and makes it difficult for deaf families to review decisions.,2026-09-02,7,Resident,English,Owner,Community School C,accessibility
SYN-0852,"After attending multiple hearings, I am increasingly concerned. Will the district publish a response log showing each recurring public question, the department handling it, and the date an answer is expected? Contact Casey Lane at sample.person852@example.org or 312-555-1852. I live at 952 Learning Street, Apt 13B.",2026-09-12,10,Resident,English,Renter,Community School C,communication
SYN-0853,"After attending multiple hearings, I am increasingly concerned. Science lessons cannot include experiments when the classroom has no working equipment, and replacing broken laboratory supplies should be a budget priority. Contact Casey Parker at sample.person853@example.org or 312-555-1853.",2026-09-12,8,Student,English,Renter,Community School B,classroom_resources
SYN-0854,"After attending multiple hearings, I am increasingly concerned. Broken lights near the school playground make the walking route unsafe after evening activities, and the district should repair them before winter.",2026-09-12,7,Parent,English,Renter,Community School B,school_safety
SYN-0855,"Students recovering from traumatic events need consistent therapeutic support throughout the school year, rather than a single visit from a temporary counselor.",2026-09-02,7,Parent,English,Owner,Community School D,mental_health
SYN-0856,"Bus driver shortages have forced families to arrange expensive alternative transport, and the district should explain how it will recruit and retain drivers.",2026-09-02,8,Community organizer,English,Other,Community School A,transportation
SYN-0857,"I appreciate the new accessible entrance, but the hearing room also needs space for wheelchairs and a working sound system for people with hearing loss.",2026-09-02,5,Parent,English,Renter,Community School D,accessibility
SYN-0858,"Families received the hearing notice only one day before the meeting, leaving too little time to read the proposal and prepare meaningful questions.",2026-09-07,8,Parent,English,Renter,Community School D,communication
SYN-0859,Please protect teaching positions and reduce oversized classes so that each child receives individual help with reading and mathematics during the school day.,2026-09-07,20,Parent,Spanish,Renter,Community School C,classroom_resources
SYN-0860,Will the school publish the results of its building safety inspection and explain when broken locks and unsafe playground equipment will be repaired?,2026-09-07,20,Parent,English,Renter,Community School A,school_safety
SYN-0861,Children experiencing anxiety wait several weeks to see a school counselor because one mental health professional is assigned to too many campuses.,2026-09-02,7,Parent,English,Renter,Community School A,mental_health
SYN-0862,"I support reviewing school bus routes, but parents need advance notice and safe replacement stops before any existing transportation service is removed. Contact Jordan Reed at sample.person862@example.org or 312-555-1862.",2026-09-02,8,Resident,English,Renter,Community School C,transportation
SYN-0863,"After attending multiple hearings, I am increasingly concerned. Please provide live captions and sign language interpretation during public meetings so deaf residents can follow the discussion and participate on equal terms.",2026-09-12,7,Resident,English,Renter,Community School D,accessibility
SYN-0864,"Families received the hearing notice only one day before the meeting, leaving too little time to read the proposal and prepare meaningful questions. Contact Riley Hayes at sample.person864@example.org or 312-555-1864.",2026-09-07,20,Teacher,English,Renter,Community School A,communication
SYN-0865,Students who need extra practice are losing after school tutoring hours while their teachers are already responsible for more children than they can support. Contact Avery Brooks at sample.person865@example.org or 312-555-1865.,2026-09-02,20,Resident,English,Other,Community School D,classroom_resources
SYN-0866,"I support a safer visitor check in process, but security measures should not make children feel threatened when they enter their school each morning.",2026-09-02,8,Parent,English,Renter,Community School B,school_safety
SYN-0867,Please preserve confidential counseling appointments so that young people can discuss depression with a qualified clinician without feeling judged by their classmates.,2026-09-12,20,Resident,English,Renter,Community School B,mental_health
SYN-0868,"After school clubs are inaccessible to children whose only bus leaves immediately after lessons, so an additional late route would improve participation.",2026-09-12,10,Parent,Spanish,Renter,Community School C,transportation
SYN-0869,"People using screen readers need accessible documents with clear headings and meaningful link labels instead of scanned images of the hearing materials. I live at 969 Learning Street, Apt 30B.",2026-09-02,8,Resident,English,Owner,Community School A,accessibility
SYN-0870,"After attending multiple hearings, I am increasingly concerned. Will the district publish a response log showing each recurring public question, the department handling it, and the date an answer is expected?",2026-09-12,7,Parent,Spanish,Renter,Community School C,communication
SYN-0871,"After attending multiple hearings, I am increasingly concerned. I support spending more of the education budget on textbooks and teaching staff rather than asking families to pay for essential classroom supplies. I live at 971 Community Avenue, Apt 2A.",2026-09-12,20,Resident,English,Renter,Community School A,classroom_resources
SYN-0872,Will the school publish the results of its building safety inspection and explain when broken locks and unsafe playground equipment will be repaired?,2026-09-12,5,Parent,English,Renter,Community School B,school_safety
SYN-0873,"I welcome the proposed counseling service, but students need a private room and a reliable appointment system before they will feel comfortable seeking help.",2026-09-02,8,Parent,English,Owner,Community School D,mental_health
SYN-0874,Families need accurate bus arrival notifications because the transport office often announces a cancelled route only after children have already left home.,2026-09-07,7,Parent,English,Owner,Community School A,transportation
SYN-0875,"Please provide live captions and sign language interpretation during public meetings so deaf residents can follow the discussion and participate on equal terms. I live at 975 Public Square Road, Apt 6A.",2026-09-02,7,Parent,English,Renter,Community School B,accessibility
SYN-0876,"After attending multiple hearings, I am increasingly concerned. The public summary says residents supported the proposal but does not explain which concerns were raised or how those comments changed the final decision.",2026-09-12,6,Teacher,English,Owner,Community School D,communication
SYN-0877,"Science lessons cannot include experiments when the classroom has no working equipment, and replacing broken laboratory supplies should be a budget priority.",2026-09-07,10,Parent,English,Renter,Community School D,classroom_resources
SYN-0878,Families need a clear emergency evacuation procedure explaining where children will assemble and how school staff will contact parents after an incident.,2026-09-02,6,Student,English,Owner,Community School C,school_safety
SYN-0879,Teachers need training to recognize signs of emotional distress and refer students to mental health specialists instead of treating every crisis as misconduct.,2026-09-12,20,Parent,English,Owner,Community School B,mental_health
SYN-0880,"Our school bus arrives late several mornings each week, leaving children at the stop and causing them to miss breakfast and their first lesson.",2026-09-02,6,Student,English,Renter,Community School C,transportation
SYN-0881,"The hearing room entrance has steps and no usable ramp, preventing wheelchair users from entering independently to give their public comments. I live at 981 Public Square Road, Apt 12A.",2026-09-02,6,Parent,English,Renter,Community School D,accessibility
SYN-0882,People who cannot attend an evening hearing need a recording and written minutes so they can understand the discussion and submit informed follow up comments.,2026-09-07,6,Resident,Spanish,Owner,Community School B,communication
SYN-0883,"Our classroom has thirty five children sharing twenty textbooks, so several pupils cannot take a reading book home to practice their lessons.",2026-09-02,20,Parent,English,Renter,Community School A,classroom_resources
SYN-0884,"Broken lights near the school playground make the walking route unsafe after evening activities, and the district should repair them before winter.",2026-09-02,10,Teacher,Spanish,Renter,Community School A,school_safety
SYN-0885,How many licensed psychologists will the district hire to reduce the waiting list for student mental health assessments and ongoing individual therapy?,2026-09-07,20,Teacher,English,Renter,Community School A,mental_health
SYN-0886,"I support reviewing school bus routes, but parents need advance notice and safe replacement stops before any existing transportation service is removed.",2026-09-07,6,Parent,Spanish,Owner,Community School A,transportation
SYN-0887,Please provide live captions and sign language interpretation during public meetings so deaf residents can follow the discussion and participate on equal terms.,2026-09-02,20,Parent,Mandarin,Owner,Community School D,accessibility
SYN-0888,"Families received the hearing notice only one day before the meeting, leaving too little time to read the proposal and prepare meaningful questions.",2026-09-07,6,Resident,Polish,Renter,Community School D,communication
SYN-0889,"Our classroom has thirty five children sharing twenty textbooks, so several pupils cannot take a reading book home to practice their lessons. I live at 989 Community Avenue, Apt 20B.",2026-09-12,10,Resident,Mandarin,Owner,Community School B,classroom_resources
SYN-0890,"Broken lights near the school playground make the walking route unsafe after evening activities, and the district should repair them before winter. Contact Avery Reed at sample.person890@example.org or 312-555-1890.",2026-09-12,8,Parent,English,Renter,Community School C,school_safety
SYN-0891,Children experiencing anxiety wait several weeks to see a school counselor because one mental health professional is assigned to too many campuses.,2026-09-12,8,Resident,English,Renter,Community School B,mental_health
SYN-0892,"Our school bus arrives late several mornings each week, leaving children at the stop and causing them to miss breakfast and their first lesson.",2026-09-07,7,Resident,English,Renter,Community School A,transportation
SYN-0893,Residents who speak languages other than English need qualified interpreters and translated hearing documents before they can respond to the proposed changes.,2026-09-12,20,Parent,English,Owner,Community School A,accessibility
SYN-0894,Regular progress updates should explain what has changed since the last meeting and provide direct links to the supporting reports and budget documents.,2026-09-02,8,Parent,Mandarin,Renter,Community School C,communication
SYN-0895,"After attending multiple hearings, I am increasingly concerned. Please protect teaching positions and reduce oversized classes so that each child receives individual help with reading and mathematics during the school day.",2026-09-12,20,Community organizer,English,Owner,Community School A,classroom_resources
SYN-0896,"Broken lights near the school playground make the walking route unsafe after evening activities, and the district should repair them before winter.",2026-09-07,10,Resident,English,Renter,Community School C,school_safety
SYN-0897,Teachers need training to recognize signs of emotional distress and refer students to mental health specialists instead of treating every crisis as misconduct. Contact Jordan Lane at sample.person897@example.org or 312-555-1897.,2026-09-07,8,Resident,English,Owner,Community School A,mental_health
SYN-0898,"After attending multiple hearings, I am increasingly concerned. Our school bus arrives late several mornings each week, leaving children at the stop and causing them to miss breakfast and their first lesson.",2026-09-12,10,Parent,English,Renter,Community School D,transportation
SYN-0899,People using screen readers need accessible documents with clear headings and meaningful link labels instead of scanned images of the hearing materials.,2026-09-07,10,Resident,English,Other,Community School B,accessibility
SYN-0900,"Regular progress updates should explain what has changed since the last meeting and provide direct links to the supporting reports and budget documents. I live at 1000 Public Square Road, Apt 1C.",2026-09-07,7,Parent,English,Renter,Community School A,communication
SYN-0901,"Our classroom has thirty five children sharing twenty textbooks, so several pupils cannot take a reading book home to practice their lessons.",2026-09-07,8,Resident,Spanish,Renter,Community School D,classroom_resources
SYN-0902,"Broken lights near the school playground make the walking route unsafe after evening activities, and the district should repair them before winter. I live at 1002 Learning Street, Apt 3B.",2026-09-07,8,Teacher,Spanish,Owner,Community School D,school_safety
SYN-0903,How many licensed psychologists will the district hire to reduce the waiting list for student mental health assessments and ongoing individual therapy? Contact Casey Quinn at sample.person903@example.org or 312-555-1903.,2026-09-12,10,Resident,English,Other,Community School A,mental_health
SYN-0904,"Bus driver shortages have forced families to arrange expensive alternative transport, and the district should explain how it will recruit and retain drivers.",2026-09-12,8,Student,English,Renter,Community School B,transportation
SYN-0905,"The hearing room entrance has steps and no usable ramp, preventing wheelchair users from entering independently to give their public comments.",2026-09-02,10,Parent,English,Renter,Community School B,accessibility
SYN-0906,"After attending multiple hearings, I am increasingly concerned. I welcome the new public newsletter, but it should clearly distinguish confirmed decisions from proposals that are still open for community discussion.",2026-09-12,7,Teacher,English,Other,Community School C,communication
SYN-0907,Will the district publish a classroom staffing plan showing how many teachers and teaching assistants will be available for each grade next year?,2026-09-07,10,Teacher,English,Renter,Community School C,classroom_resources
SYN-0908,"Cars speed through the school crossing at dismissal, and trained crossing guards are needed to help children reach the pavement safely every afternoon. Contact Taylor Quinn at sample.person908@example.org or 312-555-1908.",2026-09-07,8,Student,Spanish,Renter,Community School A,school_safety
SYN-0909,"I welcome the proposed counseling service, but students need a private room and a reliable appointment system before they will feel comfortable seeking help. Contact Morgan Reed at sample.person909@example.org or 312-555-1909.",2026-09-02,7,Parent,English,Owner,Community School D,mental_health
SYN-0910,Will the transportation department publish missed pickup records and on time arrival figures for every school bus route so families can track reliability?,2026-09-02,10,Resident,Spanish,Renter,Community School B,transportation
SYN-0911,People using screen readers need accessible documents with clear headings and meaningful link labels instead of scanned images of the hearing materials.,2026-09-02,7,Parent,English,Renter,Community School A,accessibility
SYN-0912,People who cannot attend an evening hearing need a recording and written minutes so they can understand the discussion and submit informed follow up comments.,2026-09-07,8,Teacher,Spanish,Renter,Community School C,communication
SYN-0913,"Our classroom has thirty five children sharing twenty textbooks, so several pupils cannot take a reading book home to practice their lessons.",2026-09-02,8,Resident,Spanish,Renter,Community School A,classroom_resources
SYN-0914,"The entrance gate is routinely left open during lessons, so visitors can walk onto school grounds without checking in with the security team.",2026-09-07,8,Parent,English,Renter,Community School B,school_safety
SYN-0915,The budget should fund mental health counseling during school holidays because anxiety and emotional crises do not stop when the classroom closes.,2026-09-07,8,Parent,English,Renter,Community School D,mental_health
SYN-0916,"Bus driver shortages have forced families to arrange expensive alternative transport, and the district should explain how it will recruit and retain drivers.",2026-09-12,8,Parent,English,Renter,Community School A,transportation
SYN-0917,"The online comment form cannot be completed with a keyboard, which excludes residents who use assistive technology instead of a computer mouse.",2026-09-12,20,Parent,English,Renter,Community School C,accessibility
SYN-0918,"After attending multiple hearings, I am increasingly concerned. I welcome the new public newsletter, but it should clearly distinguish confirmed decisions from proposals that are still open for community discussion.",2026-09-12,6,Student,English,Renter,Community School D,communication
SYN-0919,Will the district publish a classroom staffing plan showing how many teachers and teaching assistants will be available for each grade next year? Contact Riley Lane at sample.person919@example.org or 312-555-1919.,2026-09-12,5,Parent,Spanish,Renter,Community School B,classroom_resources
SYN-0920,"After attending multiple hearings, I am increasingly concerned. There have been repeated fights outside the school entrance, and supervised dismissal with trained adults could reduce the risk of injuries to students.",2026-09-12,6,Teacher,English,Owner,Community School B,school_safety
SYN-0921,Children experiencing anxiety wait several weeks to see a school counselor because one mental health professional is assigned to too many campuses.,2026-09-07,7,Resident,English,Renter,Community School D,mental_health
SYN-0922,"I support reviewing school bus routes, but parents need advance notice and safe replacement stops before any existing transportation service is removed.",2026-09-12,10,Community organizer,English,Renter,Community School D,transportation
SYN-0923,"The hearing room entrance has steps and no usable ramp, preventing wheelchair users from entering independently to give their public comments.",2026-09-07,10,Parent,Polish,Renter,Community School B,accessibility
SYN-0924,People who cannot attend an evening hearing need a recording and written minutes so they can understand the discussion and submit informed follow up comments.,2026-09-12,6,Resident,English,Renter,Community School B,communication
SYN-0925,"After attending multiple hearings, I am increasingly concerned. Please protect teaching positions and reduce oversized classes so that each child receives individual help with reading and mathematics during the school day.",2026-09-12,10,Parent,English,Renter,Community School D,classroom_resources
SYN-0926,"After attending multiple hearings, I am increasingly concerned. Please provide safety training for staff who supervise arrival and dismissal, including how to respond when a child is separated from their caregiver.",2026-09-12,20,Resident,English,Owner,Community School C,school_safety
SYN-0927,"I welcome the proposed counseling service, but students need a private room and a reliable appointment system before they will feel comfortable seeking help.",2026-09-07,10,Parent,English,Renter,Community School A,mental_health
SYN-0928,"Bus driver shortages have forced families to arrange expensive alternative transport, and the district should explain how it will recruit and retain drivers.",2026-09-07,8,Student,English,Owner,Community School B,transportation
SYN-0929,"Will the district publish an accessibility contact and a simple way to request disability accommodations before each public hearing takes place? I live at 1029 Community Avenue, Apt 30B.",2026-09-07,7,Student,English,Renter,Community School C,accessibility
SYN-0930,"Please publish meeting dates and decision deadlines in a single public calendar so residents do not have to search several different district websites. I live at 1030 Learning Street, Apt 1B.",2026-09-07,20,Teacher,Polish,Renter,Community School D,communication
SYN-0931,Please protect teaching positions and reduce oversized classes so that each child receives individual help with reading and mathematics during the school day.,2026-09-02,8,Teacher,Polish,Other,Community School B,classroom_resources
SYN-0932,Families need a clear emergency evacuation procedure explaining where children will assemble and how school staff will contact parents after an incident.,2026-09-07,7,Parent,English,Renter,Community School B,school_safety
SYN-0933,"I welcome the proposed counseling service, but students need a private room and a reliable appointment system before they will feel comfortable seeking help.",2026-09-07,10,Parent,English,Renter,Community School B,mental_health
SYN-0934,"Our school bus arrives late several mornings each week, leaving children at the stop and causing them to miss breakfast and their first lesson.",2026-09-12,6,Parent,Mandarin,Renter,Community School A,transportation
SYN-0935,"The hearing room entrance has steps and no usable ramp, preventing wheelchair users from entering independently to give their public comments.",2026-09-12,10,Parent,English,Renter,Community School A,accessibility
SYN-0936,Regular progress updates should explain what has changed since the last meeting and provide direct links to the supporting reports and budget documents.,2026-09-12,5,Resident,English,Other,Community School B,communication
SYN-0937,"After attending multiple hearings, I am increasingly concerned. Teachers are buying pencils and exercise books with their own money because the classroom supply budget runs out before the winter term.",2026-09-12,8,Parent,English,Other,Community School D,classroom_resources
SYN-0938,"I support a safer visitor check in process, but security measures should not make children feel threatened when they enter their school each morning. Contact Taylor Hayes at sample.person938@example.org or 312-555-1938.",2026-09-02,20,Parent,Polish,Renter,Community School C,school_safety
SYN-0939,"Our school needs a full time social worker who can support students dealing with grief and help families find appropriate mental health care. I live at 1039 Learning Street, Apt 10B.",2026-09-02,7,Parent,Mandarin,Renter,Community School D,mental_health
SYN-0940,"Our school bus arrives late several mornings each week, leaving children at the stop and causing them to miss breakfast and their first lesson. Contact Casey Parker at sample.person940@example.org or 312-555-1940.",2026-09-07,8,Parent,English,Renter,Community School D,transportation
SYN-0941,Residents who speak languages other than English need qualified interpreters and translated hearing documents before they can respond to the proposed changes.,2026-09-07,8,Resident,English,Renter,Community School C,accessibility
SYN-0942,"Families received the hearing notice only one day before the meeting, leaving too little time to read the proposal and prepare meaningful questions.",2026-09-02,6,Parent,Mandarin,Renter,Community School A,communication
SYN-0943,I support spending more of the education budget on textbooks and teaching staff rather than asking families to pay for essential classroom supplies.,2026-09-07,10,Resident,Spanish,Renter,Community School B,classroom_resources
SYN-0944,Families need a clear emergency evacuation procedure explaining where children will assemble and how school staff will contact parents after an incident.,2026-09-02,8,Parent,Polish,Renter,Community School B,school_safety
SYN-0945,Children experiencing anxiety wait several weeks to see a school counselor because one mental health professional is assigned to too many campuses.,2026-09-07,7,Student,English,Renter,Community School C,mental_health
SYN-0946,"Our school bus arrives late several mornings each week, leaving children at the stop and causing them to miss breakfast and their first lesson.",2026-09-02,8,Parent,English,Owner,Community School D,transportation
SYN-0947,"The online comment form cannot be completed with a keyboard, which excludes residents who use assistive technology instead of a computer mouse.",2026-09-12,7,Student,English,Renter,Community School A,accessibility
SYN-0948,"Questions submitted at the previous hearing have received no written response, and the district should identify who is responsible for answering them.",2026-09-07,20,Parent,English,Renter,Community School D,communication
SYN-0949,Teachers are buying pencils and exercise books with their own money because the classroom supply budget runs out before the winter term.,2026-09-07,8,Resident,English,Renter,Community School A,classroom_resources
SYN-0950,Families need a clear emergency evacuation procedure explaining where children will assemble and how school staff will contact parents after an incident.,2026-09-12,10,Parent,Spanish,Owner,Community School A,school_safety
SYN-0951,"Students recovering from traumatic events need consistent therapeutic support throughout the school year, rather than a single visit from a temporary counselor.",2026-09-07,7,Resident,Mandarin,Renter,Community School A,mental_health
SYN-0952,"After attending multiple hearings, I am increasingly concerned. I support reviewing school bus routes, but parents need advance notice and safe replacement stops before any existing transportation service is removed.",2026-09-12,7,Parent,Polish,Renter,Community School A,transportation
SYN-0953,Residents who speak languages other than English need qualified interpreters and translated hearing documents before they can respond to the proposed changes.,2026-09-02,10,Student,English,Renter,Community School A,accessibility
SYN-0954,Regular progress updates should explain what has changed since the last meeting and provide direct links to the supporting reports and budget documents.,2026-09-12,7,Parent,English,Renter,Community School D,communication
SYN-0955,"The school library needs current books at several reading levels because the same worn classroom texts do not meet every student learning need. I live at 1055 Civic Way, Apt 26C.",2026-09-02,6,Parent,English,Renter,Community School D,classroom_resources
SYN-0956,"I support a safer visitor check in process, but security measures should not make children feel threatened when they enter their school each morning.",2026-09-12,5,Student,English,Renter,Community School B,school_safety
SYN-0957,Teachers need training to recognize signs of emotional distress and refer students to mental health specialists instead of treating every crisis as misconduct.,2026-09-02,8,Parent,Polish,Renter,Community School C,mental_health
SYN-0958,"Bus driver shortages have forced families to arrange expensive alternative transport, and the district should explain how it will recruit and retain drivers.",2026-09-12,10,Resident,English,Renter,Community School B,transportation
SYN-0959,"The online comment form cannot be completed with a keyboard, which excludes residents who use assistive technology instead of a computer mouse.",2026-09-12,20,Student,Mandarin,Owner,Community School C,accessibility
SYN-0960,"After attending multiple hearings, I am increasingly concerned. People who cannot attend an evening hearing need a recording and written minutes so they can understand the discussion and submit informed follow up comments. I live at 1060 Civic Way, Apt 1B.",2026-09-12,8,Parent,English,Renter,Community School D,communication
SYN-0961,I support spending more of the education budget on textbooks and teaching staff rather than asking families to pay for essential classroom supplies.,2026-09-07,5,Resident,English,Owner,Community School A,classroom_resources
SYN-0962,"Families need a clear emergency evacuation procedure explaining where children will assemble and how school staff will contact parents after an incident. I live at 1062 Community Avenue, Apt 3B.",2026-09-07,8,Parent,English,Owner,Community School D,school_safety
SYN-0963,Please preserve confidential counseling appointments so that young people can discuss depression with a qualified clinician without feeling judged by their classmates.,2026-09-12,10,Resident,English,Owner,Community School A,mental_health
SYN-0964,The journey to school now takes more than an hour because the bus route crosses several neighborhoods before reaching its final destination.,2026-09-07,7,Parent,English,Renter,Community School D,transportation
SYN-0965,"The hearing room entrance has steps and no usable ramp, preventing wheelchair users from entering independently to give their public comments.",2026-09-07,7,Resident,English,Renter,Community School B,accessibility
SYN-0966,"Questions submitted at the previous hearing have received no written response, and the district should identify who is responsible for answering them.",2026-09-12,7,Parent,English,Renter,Community School C,communication
SYN-0967,"After attending multiple hearings, I am increasingly concerned. Please protect teaching positions and reduce oversized classes so that each child receives individual help with reading and mathematics during the school day.",2026-09-12,8,Parent,English,Renter,Community School C,classroom_resources
SYN-0968,Will the school publish the results of its building safety inspection and explain when broken locks and unsafe playground equipment will be repaired?,2026-09-07,7,Teacher,English,Renter,Community School A,school_safety
SYN-0969,Teachers need training to recognize signs of emotional distress and refer students to mental health specialists instead of treating every crisis as misconduct.,2026-09-07,8,Parent,English,Renter,Community School B,mental_health
SYN-0970,"After school clubs are inaccessible to children whose only bus leaves immediately after lessons, so an additional late route would improve participation.",2026-09-07,5,Teacher,Spanish,Renter,Community School C,transportation
SYN-0971,Will the district publish an accessibility contact and a simple way to request disability accommodations before each public hearing takes place?,2026-09-07,6,Resident,English,Renter,Community School C,accessibility
SYN-0972,"After attending multiple hearings, I am increasingly concerned. The public summary says residents supported the proposal but does not explain which concerns were raised or how those comments changed the final decision. I live at 1072 Community Avenue, Apt 13B.",2026-09-12,10,Parent,English,Renter,Community School A,communication
SYN-0973,"After attending multiple hearings, I am increasingly concerned. Please protect teaching positions and reduce oversized classes so that each child receives individual help with reading and mathematics during the school day.",2026-09-12,6,Parent,English,Owner,Community School B,classroom_resources
SYN-0974,"After attending multiple hearings, I am increasingly concerned. Cars speed through the school crossing at dismissal, and trained crossing guards are needed to help children reach the pavement safely every afternoon.",2026-09-12,7,Teacher,Spanish,Renter,Community School B,school_safety
SYN-0975,"Students recovering from traumatic events need consistent therapeutic support throughout the school year, rather than a single visit from a temporary counselor.",2026-09-12,5,Parent,English,Owner,Community School B,mental_health
SYN-0976,The journey to school now takes more than an hour because the bus route crosses several neighborhoods before reaching its final destination.,2026-09-07,7,Parent,English,Renter,Community School A,transportation
SYN-0977,Please provide live captions and sign language interpretation during public meetings so deaf residents can follow the discussion and participate on equal terms.,2026-09-12,8,Parent,English,Renter,Community School D,accessibility
SYN-0978,Regular progress updates should explain what has changed since the last meeting and provide direct links to the supporting reports and budget documents.,2026-09-02,20,Resident,English,Owner,Community School D,communication
SYN-0979,Teachers are buying pencils and exercise books with their own money because the classroom supply budget runs out before the winter term.,2026-09-02,8,Student,Spanish,Renter,Community School A,classroom_resources
SYN-0980,"Cars speed through the school crossing at dismissal, and trained crossing guards are needed to help children reach the pavement safely every afternoon.",2026-09-12,8,Teacher,English,Renter,Community School A,school_safety
SYN-0981,Children experiencing anxiety wait several weeks to see a school counselor because one mental health professional is assigned to too many campuses.,2026-09-07,8,Resident,English,Renter,Community School B,mental_health
SYN-0982,"After school clubs are inaccessible to children whose only bus leaves immediately after lessons, so an additional late route would improve participation.",2026-09-07,10,Parent,English,Renter,Community School A,transportation
SYN-0983,Please provide live captions and sign language interpretation during public meetings so deaf residents can follow the discussion and participate on equal terms. Contact Casey Parker at sample.person983@example.org or 312-555-1983.,2026-09-02,8,Teacher,Polish,Renter,Community School C,accessibility
SYN-0984,"Questions submitted at the previous hearing have received no written response, and the district should identify who is responsible for answering them.",2026-09-07,6,Parent,English,Renter,Community School C,communication
SYN-0985,"Will the district publish a classroom staffing plan showing how many teachers and teaching assistants will be available for each grade next year? I live at 1085 Community Avenue, Apt 26A.",2026-09-02,7,Student,Mandarin,Renter,Community School C,classroom_resources
SYN-0986,Families need a clear emergency evacuation procedure explaining where children will assemble and how school staff will contact parents after an incident.,2026-09-07,20,Parent,English,Renter,Community School B,school_safety
SYN-0987,The budget should fund mental health counseling during school holidays because anxiety and emotional crises do not stop when the classroom closes.,2026-09-12,20,Student,English,Owner,Community School A,mental_health
SYN-0988,Please provide an accessible school bus with working wheelchair restraints so children with mobility needs can travel safely with the other students.,2026-09-07,10,Parent,English,Renter,Community School D,transportation
SYN-0989,"The hearing room entrance has steps and no usable ramp, preventing wheelchair users from entering independently to give their public comments.",2026-09-02,6,Parent,English,Other,Community School A,accessibility
SYN-0990,Regular progress updates should explain what has changed since the last meeting and provide direct links to the supporting reports and budget documents.,2026-09-12,8,Teacher,English,Other,Community School B,communication
SYN-0991,I support spending more of the education budget on textbooks and teaching staff rather than asking families to pay for essential classroom supplies.,2026-09-02,5,Parent,English,Renter,Community School D,classroom_resources
SYN-0992,Families need a clear emergency evacuation procedure explaining where children will assemble and how school staff will contact parents after an incident.,2026-09-02,8,Parent,English,Owner,Community School C,school_safety
SYN-0993,"After attending multiple hearings, I am increasingly concerned. How many licensed psychologists will the district hire to reduce the waiting list for student mental health assessments and ongoing individual therapy?",2026-09-12,20,Parent,Polish,Other,Community School B,mental_health
SYN-0994,"Bus driver shortages have forced families to arrange expensive alternative transport, and the district should explain how it will recruit and retain drivers.",2026-09-07,10,Parent,English,Renter,Community School D,transportation
SYN-0995,Residents who speak languages other than English need qualified interpreters and translated hearing documents before they can respond to the proposed changes.,2026-09-02,8,Parent,English,Renter,Community School A,accessibility
SYN-0996,"Questions submitted at the previous hearing have received no written response, and the district should identify who is responsible for answering them. I live at 1096 Civic Way, Apt 7B.",2026-09-12,8,Resident,English,Owner,Community School C,communication
SYN-0997,I support spending more of the education budget on textbooks and teaching staff rather than asking families to pay for essential classroom supplies.,2026-09-07,10,Parent,Spanish,Renter,Community School D,classroom_resources
SYN-0998,"I support a safer visitor check in process, but security measures should not make children feel threatened when they enter their school each morning.",2026-09-12,6,Resident,English,Owner,Community School C,school_safety
SYN-0999,How many licensed psychologists will the district hire to reduce the waiting list for student mental health assessments and ongoing individual therapy?,2026-09-07,5,Parent,English,Renter,Community School C,mental_health
SYN-1000,"Bus driver shortages have forced families to arrange expensive alternative transport, and the district should explain how it will recruit and retain drivers.",2026-09-12,5,Resident,English,Renter,Community School D,transportation
